playerID,firstName,lastName,age,gender,dob,height,weight,countryID,sportID
1,Win,Raleston,25,Male,07-04-1954,6.36,54.25,ECU,36
2,Roscoe,Orrocks,30,Male,15-07-1935,4.67,96.34,BER,35
3,Elia,Jenicke,60,Male,07-04-2008,4.15,49.4,SEN,18
4,Mariette,Pirson,38,Female,22-10-1963,5.7,107.81,SUD,18
5,Thibaut,Comelli,61,Male,22-01-1905,5.6,48.5,DEN,15
6,Yorgo,Leamon,35,Male,14-04-1940,6.28,52.9,SYR,38
7,Meredeth,Paydon,17,Transgender,18-05-1907,6.99,68.98,FIJ,43
8,Carmon,Laflin,33,Female,01-04-2003,4.48,109.56,GBS,58
9,Davin,Dewdney,19,Male,01-07-2007,6.18,70.94,SWZ,42
10,Elizabeth,Dunthorne,60,Female,13-04-2000,5.91,46.79,ISV,22
11,Benedict,Spat,50,Male,21-04-1916,4.52,104.01,ANT,3
12,Hewett,Leveret,32,Male,03-12-1927,4.31,73.75,SAA,32
13,Erina,Gulland,56,Female,09-06-1952,6.61,90.75,UZB,42
14,Rosy,Tunnicliffe,24,Female,21-11-1932,6.82,83.23,ZIM,31
15,Sam,Attwill,36,Female,16-07-1924,5.46,48.34,FRG,39
16,Alfi,Anselm,59,Female,01-07-1905,5.43,90.85,CHI,58
17,Sisely,Ravenscraft,50,Female,20-12-1967,5.06,105.48,EUN,12
18,Emmalynn,Pressnell,37,Female,03-09-2013,5.42,104.06,GBR,53
19,Arv,Buss,59,Male,20-03-1951,4.51,91.41,KIR,14
20,Gertrude,Khotler,42,Female,13-02-1923,4.58,108.87,CUB,39
21,Meir,Voss,40,Male,15-03-1993,6.72,66.64,LIE,14
22,Rockwell,Hansbury,40,Male,27-11-2016,5.06,66.54,SWZ,51
23,Tova,Iori,27,Female,03-01-1943,4.43,101.87,UKR,21
24,Davina,Peet,33,Female,12-05-1979,5.37,92.79,CUB,58
25,Kip,McKague,64,Male,12-02-1979,4.97,90.09,SVK,42
26,Cobb,Geldeard,20,Male,27-07-2011,5.75,91.3,SUR,2
27,Rinaldo,Barttrum,43,Male,05-05-1927,4.24,62.32,FRG,49
28,Roddie,Meers,40,Male,12-10-2018,6.38,107.7,MRI,37
29,Lanie,Mainson,19,Female,14-07-1902,6.91,87.07,LBA,54
30,Sawyer,Keys,34,Male,23-09-2001,4.05,91.91,TPE,33
31,Lavinie,Palliser,45,Female,29-04-1988,6.4,57.77,POL,35
32,Rad,Smeaton,49,Male,06-12-1912,4.26,61.37,FIJ,58
33,Selinda,Thomassin,18,Transgender,03-12-1930,6.65,51.61,ALG,28
34,Nefen,Thompstone,50,Male,03-11-1911,4.79,108.77,GUA,54
35,Jenifer,Lockery,24,Female,06-04-1983,4.29,82.96,RSA,6
36,Marielle,Gillibrand,29,Female,06-05-1972,6.83,55.41,HUN,42
37,Johan,Carrabott,45,Male,28-03-2022,6.8,83.01,CAF,33
38,Hyman,Caunter,46,Male,27-08-1950,4.49,96.27,LBR,12
39,Jameson,Takis,50,Male,29-05-2008,5,65.98,CUB,44
40,Quillan,Gammade,23,Male,08-05-1985,6.33,97.97,CUB,46
41,Conny,Steed,39,Transgender,25-12-1928,4.27,93.43,URS,5
42,Dee dee,Cosgry,57,Female,14-01-2009,5.56,78.91,IRI,44
43,Early,Peirazzi,64,Male,15-03-2011,6.13,68.73,BRU,43
44,Mariellen,Fordy,31,Female,20-07-1980,4.23,89.63,RSA,50
45,Eleen,Rack,55,Female,15-03-1937,5.3,85.75,VNM,19
46,Burton,Lambird,27,Male,06-11-1997,5.19,65.01,TUN,4
47,Fawne,Tidbold,59,Female,02-04-1934,4.32,61.03,KOS,54
48,Silvain,Dobble,41,Male,01-09-2000,4.01,56.23,ALG,38
49,Joela,Jindra,33,Female,18-05-2001,4.16,55.74,KOR,52
50,Luciana,Barlee,48,Female,25-07-1974,4.96,95.05,LBN,26
51,Rowena,Staples,25,Female,03-08-1916,5.09,85.77,BRA,51
52,Corbet,Helbeck,36,Male,02-10-1959,6.71,102.82,DJI,21
53,Ulysses,Piatkowski,41,Male,09-10-1927,5.92,69.34,JPN,21
54,Joanne,Ekless,51,Female,08-03-1924,5.03,61.36,BOL,20
55,Perl,Blampy,32,Female,27-05-1940,5.64,49.39,DJI,8
56,Nehemiah,Liger,22,Male,30-06-1968,5.44,92.46,BEL,33
57,Valentine,Mather,65,Male,10-03-1909,5.79,53.36,PLW,28
58,Chrissie,Breston,46,Male,25-06-1962,4.08,104.94,TLS,2
59,Jaime,Colicot,19,Female,18-04-2016,5.35,50.28,GRE,45
60,Granny,Barr,52,Male,26-07-1992,5.19,59.06,FSM,24
61,Ulrica,Mincher,33,Female,30-03-2018,5.15,54.73,KOS,59
62,Prinz,Etock,44,Male,18-07-1975,4.99,51.11,IRQ,59
63,Horst,Blainey,19,Male,16-12-1966,4.18,96.17,IRQ,7
64,Valentia,O'Kielt,45,Female,14-04-2002,5.23,84,CHA,41
65,Stormy,Futty,48,Female,13-05-1919,4.25,74.36,ARM,31
66,Jared,Chaulk,22,Male,11-11-1923,4.72,84.31,ALG,54
67,Helena,Uccello,16,Female,18-12-1905,4.36,99.17,PAN,26
68,Melitta,Valentinetti,18,Female,24-05-1955,6.24,79.78,MAR,23
69,Cherey,Huckster,56,Female,05-01-1956,4.75,96.61,CPV,58
70,Rozalie,Heinel,54,Polygender,03-08-1970,4.34,63.32,NAM,44
71,Abagail,Gummow,61,Female,25-04-1983,4.29,104.21,ALB,29
72,Tamera,Sparke,54,Female,19-11-2005,5.3,62.9,YAR,7
73,Arnoldo,Linggood,46,Male,22-05-1970,4.24,60.2,YMD,27
74,Carlita,Maysor,36,Bigender,12-06-1930,5.05,84.16,JPN,3
75,Obadiah,Glanvill,31,Male,12-05-1961,6.88,93.21,PAR,53
76,Warner,Ferry,24,Male,10-03-1933,4.24,89.32,MON,22
77,Audy,Foley,39,Female,09-08-2014,5.36,45.44,ISR,43
78,Lynnell,Wynn,44,Female,14-01-1979,5.43,58.29,TOG,45
79,Christoph,Alderwick,65,Male,25-01-1919,5.79,92.73,GUI,36
80,Binky,Brosh,53,Transgender,19-04-1962,5.75,71.7,POR,20
81,Roman,Melpuss,25,Male,31-10-1986,4,85.75,ROC,38
82,Ermin,Farnorth,37,Male,28-07-1939,4.33,95.87,PAN,40
83,Osgood,Kidsley,39,Male,31-12-2012,4.77,80.46,CMR,24
84,Dame,Slamaker,42,Male,14-08-1924,4.28,49.25,SAA,33
85,Marielle,Lucian,55,Female,02-05-1970,6.32,52.98,MIX,36
86,Marylinda,Kirwood,59,Female,24-06-2014,4.35,75.94,GBS,56
87,Layney,Harriot,46,Female,15-06-2020,4.08,106.52,CIV,58
88,Archibald,Holburn,59,Male,30-01-1929,4.85,107.85,PAK,54
89,Corella,Bunyard,24,Female,06-09-1923,4.05,65.56,SSD,57
90,Stearn,Heinonen,62,Male,01-10-2019,6.85,103.45,STP,28
91,Marilin,Dobson,25,Genderfluid,18-09-1922,4.06,62.33,RHO,59
92,Vanda,Cutteridge,61,Female,21-09-1933,4.59,70.1,SLO,21
93,Eduardo,Trorey,64,Male,13-05-1951,6.96,64.02,STP,24
94,Liesa,Dmych,34,Female,14-07-1999,4.15,77.39,VEN,40
95,Thedric,Rawlinson,49,Male,18-09-1917,4.77,103.52,BHU,58
96,Llewellyn,Anthonies,55,Male,12-08-2017,4.44,98.01,TUV,41
97,Christine,Biglin,47,Female,30-12-1948,4.21,78.24,GBR,27
98,Debra,Ilyinski,35,Female,03-09-1938,5.09,88.56,ZAM,50
99,Alejandro,McNicol,28,Male,31-08-1947,5.28,85.3,TUR,24
100,Des,Ricardin,50,Male,15-04-1969,6.85,106.28,MNE,34
101,Byrann,Darkins,51,Male,30-09-1901,6.68,86.01,GUY,24
102,Whit,Cumbers,25,Male,27-04-1965,6.34,45.27,POL,36
103,Kirbie,Toogood,54,Polygender,03-01-1998,5.05,58.26,AUS,39
104,Penelope,Crankhorn,18,Female,29-10-1914,5.75,71.46,BAR,31
105,Alister,Caltera,51,Male,26-07-2021,4.17,68.59,YEM,9
106,Quintilla,Raye,65,Female,27-12-1986,6.21,87.55,NAM,14
107,Kenton,Fattorini,38,Male,26-11-1988,6.3,97.86,BUL,48
108,Crawford,Poulney,31,Male,13-05-1965,6.91,71.63,ZIM,37
109,Glenn,Zupo,32,Male,04-11-1903,5.81,85.09,COM,49
110,Renato,Rowden,65,Male,16-10-1971,5.89,50.48,AFG,14
111,Dame,Witherington,65,Male,08-03-1958,4.57,46.23,URU,49
112,Marlowe,Ilyin,29,Male,12-12-2019,4.38,90.29,ETH,41
113,Corissa,Fearne,58,Female,19-08-1994,4.55,63.27,DEN,34
114,Alene,Biggs,19,Female,27-08-2001,6.82,52.79,LTU,16
115,Rafaela,Gruszecki,55,Female,08-11-1931,6.47,105.46,MAL,49
116,Karla,Comben,49,Female,27-02-1939,6.47,55.99,KOS,44
117,Erich,Purle,50,Male,13-01-2005,6.83,80.15,SOM,7
118,Frannie,Govini,34,Male,12-03-1960,6.07,84.06,ITA,4
119,Marisa,Densumbe,45,Female,22-02-1941,5.11,79.03,CRC,51
120,Chloe,Ollarenshaw,33,Female,27-12-1901,5.29,52.5,YAR,30
121,Imojean,Stawell,33,Female,02-06-1967,6.3,71.96,UNK,3
122,Alasdair,Matyushonok,60,Male,09-12-1902,4.11,68.94,ANT,19
123,Lanni,Lumly,28,Female,13-03-1929,5.35,94.57,PAR,31
124,Fayth,McArthur,23,Female,13-01-1983,6.66,105.14,MAR,1
125,Cinderella,Wesker,65,Female,01-01-1948,5.37,83.81,MAD,46
126,Chere,Bateson,49,Female,11-02-1914,4.4,59.32,RWA,3
127,Kial,Hemphill,18,Female,28-12-1921,4.52,105.32,UKR,15
128,Archy,Blethin,35,Male,03-06-1995,5.1,68.1,MDA,43
129,Kellby,Hedge,35,Male,09-08-1973,4.43,49.28,ROU,14
130,Edith,Croisdall,30,Female,08-10-1927,6.25,98.67,CAM,50
131,Leeann,Yellowley,44,Female,03-06-2015,6.77,103.74,CGO,31
132,Adolphe,Snelgar,31,Male,02-06-1985,4.4,63.42,POR,59
133,Gina,Packman,38,Female,30-04-1996,5.24,90.78,ECU,18
134,Ricky,Pilmer,19,Male,08-08-1975,5.13,101.86,ROC,28
135,Natasha,Duesberry,19,Female,29-09-1903,6.11,71.24,ROC,3
136,Fayina,Di Baudi,60,Female,29-09-1939,4.57,96.28,BHU,56
137,Nanci,Catterall,46,Female,12-02-1918,5.05,50.1,GUM,55
138,Lester,Glisane,62,Male,12-01-1926,4.44,66.91,VIN,15
139,Kiri,Punter,25,Female,02-03-1942,5.4,100.49,TGA,24
140,Thaine,Marchi,33,Polygender,13-01-2014,6.59,69.06,MAD,25
141,Jud,Tassell,30,Male,08-10-1923,6.91,61.04,KUW,4
142,Morgen,Lind,23,Female,11-06-1976,6.33,77.68,MDV,57
143,Rora,Barnwill,31,Female,02-06-1908,5.62,90.56,BRA,19
144,Lyssa,Traher,33,Female,20-10-1914,6.01,66.66,SEN,55
145,Nicoline,Chessum,53,Female,15-06-2018,4.77,72.21,YMD,53
146,Auberta,Innocenti,22,Female,23-01-2002,4.04,106.23,CHI,37
147,Fernande,D'Antuoni,27,Female,11-10-1961,6.65,89.33,BUR,24
148,Luelle,Rozzier,32,Female,30-11-1971,6.72,92.36,SAA,50
149,Lou,Hullot,19,Female,26-05-2012,4.02,66.91,BRU,48
150,Tarrance,Botha,27,Male,31-08-1939,4.11,84.33,LUX,1
151,Aldrich,Winterborne,48,Male,04-12-1979,4.06,65.99,ANG,58
152,Tessie,Thiem,30,Female,20-07-1900,6.64,54.8,ECU,16
153,Rustie,Sanchiz,43,Male,18-05-1972,4.27,55.28,LCA,17
154,Mildrid,Gorusso,18,Female,31-07-1900,6.84,71.67,CRO,46
155,Kamila,Bartolomeoni,30,Bigender,15-04-1952,5.54,109.44,HKG,46
156,Winifield,Marte,28,Genderfluid,14-07-1968,6.08,48.48,ROC,60
157,Ripley,Naseby,32,Male,11-12-1935,4.86,88.19,CAY,3
158,August,Castanares,31,Male,10-01-1978,5.92,82.42,MEX,57
159,Adah,Walak,29,Female,23-01-1988,6.61,74.25,DMA,13
160,Nikolaos,Gavin,33,Male,12-03-1942,4.12,103.04,KSA,29
161,Alina,Darracott,63,Female,21-05-1942,4.21,97.08,TUN,53
162,Tiena,Quigg,57,Female,30-04-1986,6.4,71.77,NOR,27
163,Gennie,Mault,41,Female,15-12-2017,5.48,73.03,BEN,57
164,Fairfax,Archley,25,Male,20-12-1906,4.59,79.48,GDR,13
165,Loni,Dracey,55,Female,07-05-1964,5.81,51.24,CRT,40
166,Batholomew,Bifield,64,Polygender,15-05-1933,4.59,99.21,LBA,59
167,Wendye,Hinge,63,Polygender,25-03-1931,5.89,105.76,MIX,18
168,Leonanie,Swarbrigg,42,Female,12-08-1911,4.65,75.45,SUD,12
169,Demetria,Mattusevich,48,Female,27-02-1928,4.62,106.19,JOR,23
170,Tiphany,Hulke,17,Female,29-10-1911,5.73,93.99,KUW,3
171,Ninette,Mylechreest,53,Female,18-07-1925,5.61,57.71,BRA,28
172,Golda,McVey,22,Female,25-03-2003,6.75,56.58,GBR,21
173,Ardyth,Beed,22,Female,01-08-2017,6.04,49.03,PLE,42
174,Miquela,Pietzner,17,Female,22-09-2022,4.84,87.87,NFL,21
175,Jsandye,Ventura,46,Female,14-10-1921,5.21,72.41,MHL,13
176,Lovell,Bircher,56,Male,03-05-1973,4.22,54.89,TTO,56
177,Gaynor,Shoebrook,44,Female,18-02-1943,6.08,82.1,GUM,42
178,Darrell,Seldner,36,Male,20-12-2010,5.61,93.92,PHI,31
179,Camila,Chelnam,29,Female,30-06-2004,6.04,108.13,BIH,42
180,Kellsie,Peret,53,Female,31-03-2011,5.91,61.15,NED,26
181,Bard,Halpin,47,Male,08-06-1918,6.4,96.65,JPN,39
182,Bealle,MacDermott,51,Male,24-01-1999,5.2,100.18,CZE,6
183,Haleigh,Nelius,27,Female,06-11-1938,5.73,65.91,BUR,37
184,Deloria,Joriot,41,Bigender,23-06-1912,5.29,103.25,ESP,1
185,Leeland,Kleisel,32,Male,29-09-1937,4.02,91.67,ETH,14
186,Evelyn,Yanne,47,Female,20-12-2016,6.29,108.71,LES,57
187,Geri,Crome,62,Male,10-11-1980,4.98,99.26,BOL,4
188,Lela,Dudeney,24,Female,06-06-1990,4.26,74.18,TUV,53
189,Donaugh,Tzarkov,48,Male,26-07-1933,4.07,95.62,EUN,49
190,Annie,Alcock,61,Female,05-03-1922,6.05,62.78,KAZ,30
191,Gusty,Mallen,64,Female,29-11-2015,6.7,86.72,AUS,12
192,Orlando,Vick,19,Male,04-06-1928,6.37,96.74,TOG,43
193,Evan,Seeler,29,Male,22-08-1934,4.74,79.55,FRA,43
194,Buffy,Lusty,19,Female,27-02-1944,6.95,53.33,BIZ,4
195,Peg,Roback,19,Female,24-05-1960,6.3,99.05,EST,43
196,Friedrick,Mossom,62,Male,12-10-2022,5,90.72,LBN,40
197,Sidney,Janauschek,50,Male,11-04-2001,4.99,57.81,AHO,17
198,Minni,Haggerstone,51,Female,29-09-2003,4.88,46.68,SCG,33
199,Deanne,Chopping,63,Female,02-02-1978,5.4,76.42,CIV,32
200,Julian,Cowey,23,Male,30-10-1946,4.01,93.99,NAM,41
201,Jania,Szymanzyk,53,Female,09-09-1980,6.74,62.66,VIN,53
202,Cory,Bilam,49,Male,07-10-1976,6.5,104.59,BUR,33
203,Curtice,Osmond,62,Male,08-09-1990,5.21,45.02,CAF,31
204,Hoebart,Gozard,22,Male,16-12-1964,5.32,52.28,UNK,17
205,Shawn,Elis,21,Female,15-09-1916,4.71,53.35,GBS,43
206,Gayel,Scamp,26,Female,22-12-2012,6.07,63.75,ANG,6
207,Gardie,Dutt,17,Male,31-08-1960,5.05,62.65,EOR,6
208,Devi,Guillford,43,Female,30-10-2015,5.63,47.41,GBS,32
209,Tristam,Lougheid,38,Male,13-09-2019,6.58,104.5,VAN,20
210,Constantine,Poacher,18,Male,04-10-2020,4.96,48.21,URU,28
211,Thibaut,Issacof,53,Male,01-11-2011,6.19,86.95,FIJ,52
212,Upton,Trouel,46,Male,22-07-1970,5.52,48.59,GBR,14
213,Jeanne,Renac,33,Female,17-09-2014,6.95,88.83,QAT,35
214,Amanda,Cradock,28,Female,17-03-1973,4.19,86.46,EUN,10
215,Meghan,Orrick,65,Female,04-06-1993,6.17,54.92,MLT,29
216,Brewer,Duly,61,Transgender,26-05-1910,6.42,108.23,URS,19
217,Filbert,Ambrogio,56,Male,07-12-1987,4.34,104.33,COD,15
218,Marylinda,McCleod,47,Female,13-01-2019,4.67,63.77,GBR,10
219,Ethelyn,Collabine,18,Female,28-11-2022,5.21,100.42,ZIM,2
220,Alisun,Taig,18,Female,24-05-1983,5.06,97.1,QAT,56
221,Geno,Climpson,23,Male,11-07-1939,5.29,83.17,NAM,55
222,Mozes,Ambrogetti,17,Male,26-02-1902,5.09,79.19,EST,44
223,Brenn,Delamaine,41,Female,06-09-1991,4.03,105.56,KOS,45
224,Alwin,Butting,43,Male,04-11-1956,4.1,74.05,SUD,58
225,Britteny,Gladstone,55,Female,09-03-1915,4.05,69.54,EUN,19
226,Ginger,Vigus,29,Male,26-09-2002,6.77,68.16,GBS,10
227,Craig,Alexis,59,Male,02-08-1907,4.51,65.87,FSM,19
228,Abram,Fallen,62,Male,24-10-1917,5.51,77.22,RHO,33
229,Daphene,Hubber,19,Female,24-12-1960,4.4,74.63,CYP,32
230,Harrison,Weathey,22,Male,13-10-2010,6.15,45.68,SVK,28
231,Karen,Cordel,16,Female,23-05-1960,4.9,79.94,NGR,31
232,Jeana,Grayshon,23,Female,25-09-1964,4.25,65.19,TJK,2
233,Val,McKinty,61,Female,17-08-1917,7,81.42,AND,9
234,Rog,Mosedale,61,Male,07-07-1916,4.45,72.43,DJI,52
235,Anastassia,Cunrado,43,Female,20-09-1990,4.64,63.29,CRC,3
236,Patrica,Coling,16,Female,25-10-2020,5.65,99.1,MAR,45
237,Maddy,Hundal,41,Genderfluid,06-07-1977,4.01,45.6,ANZ,4
238,Waiter,Hutchason,21,Male,20-05-2012,5.91,81.82,MAR,51
239,Sheelah,Hammersley,62,Female,30-05-1998,6.28,49.9,GAB,15
240,Myrwyn,Howden,54,Male,14-07-1976,5.33,70.82,EUN,7
241,Silvanus,Geram,47,Polygender,28-09-1913,4.45,57.98,SAM,51
242,Elfreda,Robiou,58,Female,12-11-1906,4.54,103.83,MAD,19
243,Ava,Southworth,44,Female,22-03-2010,5.26,84.93,NAM,45
244,Roddie,Petrillo,37,Male,14-12-1902,6.93,90.17,TUR,19
245,Royce,Waleran,41,Male,04-06-1909,5.46,66.23,KSA,43
246,Aindrea,Eake,26,Female,28-08-1941,5.53,49.28,PUR,35
247,Marika,Learmond,42,Female,18-06-1915,4.47,64.95,ROC,24
248,Alisun,Brouwer,48,Female,12-03-1998,6.21,46.07,LAO,18
249,Alisha,Kinastan,18,Transgender,11-02-2013,4.58,58.32,FIJ,6
250,Marten,Kloisner,33,Male,29-04-2002,6.67,79.18,ECU,34
251,Dolf,Pilkinton,65,Male,29-09-1946,5.05,48.29,ETH,7
252,Sukey,Dyball,23,Female,01-01-2017,4.57,60.66,NIG,1
253,Berkeley,Lambot,26,Male,15-06-1974,5.23,76.73,NOR,58
254,Aldus,Nozzolinii,49,Male,16-06-1962,4.31,79.18,PLE,60
255,Joshia,Gabbidon,63,Male,30-12-1974,6.6,93.87,SEN,15
256,Delano,Waszkiewicz,35,Male,09-11-1941,6.89,75.9,VIE,5
257,Kailey,Sadlier,61,Female,07-06-1920,6.15,73.1,VAN,38
258,Corey,Dellit,27,Transgender,02-09-1914,5.76,77.41,ROC,49
259,Neysa,Cordeau,39,Female,23-08-1998,5.08,60.04,MDA,43
260,Kandace,Bentson,29,Female,14-10-2021,6.46,45.21,ARU,51
261,Demott,Suatt,59,Male,26-09-1961,6.95,60.32,CAM,16
262,Clemens,Whiteland,30,Male,30-09-1938,6.64,47.77,ESP,14
263,Caresse,Barker,24,Female,06-12-1962,6.95,59.52,MAD,56
264,Archer,Thompsett,23,Male,12-04-1907,4.65,50.48,SLO,52
265,Yehudi,Gridon,25,Male,29-08-1980,5.02,76.34,SGP,21
266,Aurilia,Hartup,30,Female,27-10-1902,4.67,81.6,MHL,22
267,Ethelin,Swinyard,63,Female,07-07-1956,5.14,92.5,COD,32
268,Adolphe,Gusticke,46,Male,21-08-1994,4.75,96.66,ALG,41
269,Francine,Gason,43,Female,05-11-1902,4.92,85.57,URU,28
270,Aleksandr,Clapham,42,Male,21-08-1992,5.31,108.99,SEY,34
271,Mercie,Torvey,54,Female,16-07-1942,5.93,50.72,ANT,3
272,Allayne,Staries,18,Male,04-06-2001,4.46,108.3,BUL,55
273,Tommy,Senechell,63,Male,01-08-1902,4.34,96.86,BAN,7
274,Zared,Tregonna,21,Male,28-12-1932,5.76,66.04,IRL,37
275,Etta,Brougham,30,Female,21-10-1950,6.77,79.97,MEX,21
276,Eric,Guillou,34,Male,11-01-1919,5.62,45.3,TPE,42
277,Katherine,Benardeau,26,Female,28-05-1919,4.23,54.44,THA,36
278,Reed,Edmondson,42,Male,01-01-1909,6.23,104.42,ESP,54
279,Barbara,Cosstick,34,Female,08-04-1972,4.26,89.34,NED,6
280,Rainer,Tague,16,Male,28-11-1973,4.4,62.42,BDI,41
281,Myron,Winsley,44,Male,14-05-1965,5.95,91.11,NCA,24
282,Trescha,Martel,39,Female,12-06-1981,6.72,57.88,ERI,31
283,Miguel,Tindle,63,Female,01-11-1992,4.57,101.66,MKD,26
284,Pamela,Pleager,59,Female,24-03-1995,5.69,61.06,SYR,25
285,Darcy,Prater,65,Female,15-01-1902,5.93,95.2,MNE,31
286,Maria,Lambrecht,36,Female,03-07-1949,6.7,49.86,SRB,40
287,Janeen,Palle,27,Female,03-09-1931,6.75,98.87,MTN,59
288,Roch,Chafney,62,Female,18-06-1950,4.55,105.77,INA,48
289,Georgy,Heathfield,55,Male,11-12-1926,6.64,80.09,ANG,9
290,Paige,Fermoy,52,Male,29-05-1940,6.67,72.83,MON,6
291,Raffarty,Sollon,48,Male,25-08-1907,5.94,109.7,ETH,17
292,Skelly,Doerrling,53,Male,31-08-1956,6.71,97.05,CRO,35
293,Iseabal,Apps,23,Female,14-09-1999,6.24,56.26,EUN,45
294,Garwin,Michelle,41,Male,04-06-1972,4.93,79.76,IOA,4
295,Donaugh,Kingett,34,Female,08-10-1949,6.49,84.03,ISV,47
296,Cristine,Weathey,42,Female,16-01-1982,4.59,78.78,TOG,8
297,Jennifer,Aiton,51,Female,26-09-1934,5.29,87.73,CHI,56
298,Franzen,Gavriel,34,Male,13-07-1954,6.9,86.29,BRN,25
299,Cole,Carrabot,46,Male,26-10-2007,4.05,107.98,FIJ,45
300,Gordan,Vassay,16,Male,25-07-1970,4.41,74.88,ARM,19
301,Bruce,McAnellye,55,Male,06-09-1927,4.33,79.89,ANT,15
302,Virginia,Rowberry,48,Female,17-04-1998,5.67,50.17,IOA,29
303,Linn,Howroyd,32,Male,11-12-1973,5.62,100.06,YEM,37
304,Albrecht,Hoodlass,55,Male,01-03-1912,6.22,89.58,ZAM,6
305,Scottie,Clampe,32,Male,01-05-1932,4,64.69,GAB,25
306,Leia,Stute,36,Female,12-02-1934,6.33,97.99,INA,30
307,Eden,Kinrade,65,Female,21-01-1960,5.3,97.31,POR,41
308,Tracie,Aizikovitch,46,Male,31-10-1962,6.23,84.53,ESA,26
309,Edvard,Beckhouse,51,Male,07-06-2005,6.73,58.07,ZIM,60
310,Benedick,Metterick,55,Male,08-12-1902,4.94,99.85,UNK,47
311,Gwendolyn,Vedeneev,36,Female,18-03-1906,6.47,53.4,LBA,48
312,Loy,Dobinson,45,Male,21-10-1926,6.57,97.63,VEN,49
313,Anastasia,Efford,48,Female,22-11-1908,6.11,55.39,SEN,5
314,Lishe,Nottingam,31,Female,14-11-1981,4.1,93.51,LIE,15
315,Eugenius,Lidgerton,40,Male,12-05-1927,6.53,101.88,PAR,26
316,Dorry,Tabord,40,Female,26-02-1923,5.91,107.4,ROC,40
317,Laural,Emanuel,30,Female,19-06-2022,5.02,69.62,RWA,15
318,Charil,Fantham,31,Female,14-06-2020,6.08,70.97,AHO,31
319,Llywellyn,Heel,45,Female,06-11-2012,6.58,86.68,PAK,11
320,Cortie,Geydon,19,Male,09-12-1988,6.88,69.33,DMA,50
321,Granville,Somerscales,24,Male,01-12-1967,5.76,101,PNG,26
322,Rosco,Eynald,39,Male,12-09-1948,4.01,52.27,CYP,36
323,Meade,Tarry,24,Male,27-07-1949,5.16,99.4,UNK,22
324,Roberta,Aslen,55,Female,15-08-1919,5.63,63.38,TUR,60
325,Salomi,Bennen,20,Female,11-09-1939,6.8,101.02,CMR,10
326,Anthiathia,Demogeot,50,Genderfluid,04-07-1942,6.37,52.31,NEP,46
327,Rubetta,Casier,17,Female,24-05-1955,4.53,79.46,TUV,7
328,Clio,Rahlof,54,Female,02-08-1963,4.36,77.38,TKM,7
329,Rolf,Duligall,33,Male,09-01-1968,6.84,108.55,ALG,59
330,Kennie,Hansman,20,Bigender,24-08-1980,5.48,75.81,GEO,10
331,Nollie,Inglesent,52,Female,08-11-2002,4.05,54.31,MON,45
332,Harriot,McAuley,58,Female,23-07-1947,6.63,83.8,CHI,17
333,Abra,Aslam,37,Female,03-03-1923,6.28,109.22,GBS,10
334,Vasilis,Capener,61,Male,17-02-2013,6.28,95.02,SAM,42
335,Tomlin,Drinkhall,37,Male,18-04-2021,4.22,88.36,MOZ,52
336,Glynn,Barlas,52,Genderfluid,25-06-1901,6.02,56.49,TUR,3
337,Pat,Tallon,51,Male,02-12-1939,4.4,86.14,COL,14
338,Howey,Braunes,32,Male,03-11-1935,6.69,62.77,GER,41
339,Arvie,Doy,43,Male,15-10-2021,6.06,83.99,MLI,44
340,Giustino,Poulsum,55,Male,12-02-2001,4.46,62.15,FSM,48
341,Geri,Stopps,54,Female,13-03-1972,5.88,107.4,ERI,5
342,Tine,Beesey,55,Female,08-08-2009,5.98,109.52,TKM,35
343,Myrtice,Tennock,23,Female,09-07-1986,4.74,85.7,UGA,24
344,Dorolice,Dransfield,20,Female,14-06-1994,5.65,104.92,KUW,59
345,Sonny,Bramwich,46,Polygender,17-09-1950,6.52,88.37,BAH,40
346,Nevsa,Stoyle,30,Female,08-09-1921,6.57,79.98,ARU,4
347,Gilbertina,Kowalski,23,Female,21-11-2014,4.73,78.81,SEN,21
348,Harald,Blackburne,21,Male,14-12-2021,4.07,54.41,FIN,32
349,Illa,Adamik,40,Female,24-09-1991,6.14,68.84,UKR,18
350,Justino,Stackbridge,26,Male,10-06-2016,4.55,49.59,BEL,58
351,Abner,Hugk,19,Male,25-10-1943,6.87,53.01,TUN,56
352,Joshia,Vakhrushin,26,Male,05-04-2017,6.65,99.42,RUS,37
353,Morgana,Redborn,49,Female,24-11-1942,5.25,74.39,MIX,59
354,Aldric,Popov,16,Genderfluid,03-08-1914,4.48,63.97,BRN,50
355,Dave,Durrington,25,Male,08-04-2007,6.41,62.51,PRK,56
356,Tamra,Sancho,34,Polygender,18-11-1908,5.4,100.73,BOL,42
357,Marlyn,Seres,21,Female,26-03-1951,4.35,83.69,UNK,11
358,Ileana,Friday,65,Female,02-10-1976,4.73,50.81,SUD,50
359,Augusta,Wivell,33,Transgender,28-04-1980,6.62,76.33,DOM,22
360,Jena,Smallsman,45,Female,26-09-1973,4.79,84.12,CHN,39
361,Towney,Roelofs,55,Polygender,10-11-1914,6.39,68.98,TKM,46
362,Nancee,Sperski,41,Female,27-12-1924,6.43,104.88,SKN,45
363,Isidro,Kidney,55,Male,22-03-1934,5.52,96.52,CUB,42
364,Beck,Olin,19,Male,07-10-2018,6.93,88.83,ESP,7
365,Dael,Zuenelli,54,Female,12-06-1955,6.11,76.96,MAD,56
366,Odell,Palin,48,Male,03-10-1967,6.97,59.73,ASA,59
367,Sidonnie,Verduin,22,Female,29-12-1968,6.93,80.09,SWZ,37
368,Brena,Cogar,18,Female,08-07-2001,4.36,48.12,COM,17
369,Quintina,Bolsteridge,38,Female,12-04-2004,4.12,84.68,NED,11
370,Berty,Stoeck,37,Female,19-09-1993,5.03,62.08,TCH,3
371,Irvin,Keppin,62,Male,22-02-1973,6.2,45.26,ZAM,19
372,Melba,Kores,43,Transgender,27-09-1990,4.18,51.26,COL,37
373,Tomasine,Berndt,54,Female,24-09-1944,5.81,84.49,TKM,10
374,Ermanno,todor,36,Male,29-09-1991,4.82,104.65,GRN,1
375,Rosamund,Learmond,61,Female,19-10-1927,4.85,82.21,QAT,22
376,Bren,Atkins,51,Genderfluid,17-05-1971,4.55,58.81,TOG,56
377,Ariel,Adolf,24,Female,14-03-1959,6.22,77.27,ANG,30
378,Augustina,Bampkin,39,Female,13-12-2020,4.2,53.65,STP,30
379,Page,Halesworth,41,Female,20-07-2005,4.26,76.77,LBA,37
380,Lyn,Spir,43,Male,21-11-1961,4.24,76.02,ROC,42
381,Gilda,Stallard,64,Female,30-11-1913,5.5,57.43,FIJ,59
382,Leroi,Hayhoe,21,Male,05-09-1992,4.66,80.08,GRN,46
383,Shannon,Siemens,28,Genderfluid,18-01-1983,6.83,95.83,GRE,57
384,Duff,Arni,32,Male,17-04-1984,6.22,51.65,UAR,58
385,Wyndham,Grandisson,41,Male,28-08-1967,5.65,109.51,GBR,27
386,Pattin,Sissot,37,Male,20-12-1938,4.4,48.77,LES,39
387,Stormie,Salasar,39,Female,22-02-1901,4.09,61.49,RHO,4
388,Rudyard,Edmondson,36,Female,11-09-1984,5.95,105.17,FSM,44
389,Tiebout,Gullam,52,Male,19-05-1969,6.29,70.13,STP,27
390,Carver,Atger,16,Male,19-10-2017,4.35,69.6,BRN,49
391,Fields,Martyn,35,Male,28-05-1935,6.87,70.71,BDI,57
392,Franciskus,Claesens,34,Male,19-12-1963,6.45,78.51,UKR,23
393,Dionisio,Rhyme,51,Female,05-08-1906,6.68,79.85,QAT,6
394,Eleen,Riseam,31,Female,18-07-1984,6.1,47.63,BDI,56
395,Killian,Stoate,48,Male,14-11-1956,6.03,76.24,DJI,4
396,Smith,Obee,37,Male,12-04-1925,4.22,79.51,SVK,48
397,Elizabeth,June,47,Female,23-03-2021,6.27,107.9,WIF,52
398,Al,Congrave,46,Transgender,20-11-1948,4.73,70.73,PLE,58
399,Maxy,Capron,42,Male,20-11-1968,6.21,81.49,ROC,53
400,Gustaf,McAdam,60,Male,31-05-1926,5.48,100.8,LAO,33
401,Kennett,Kimmins,32,Male,02-10-2016,5.53,59.79,TKM,58
402,Lloyd,Dovydenas,54,Male,20-07-1902,4.29,70.89,TUN,34
403,Hale,Meric,50,Male,24-04-1962,5.66,106.29,HKG,10
404,Tabbie,Rolfe,50,Female,14-07-1946,6.1,63.38,ROC,40
405,Carlee,Shurville,29,Female,23-07-2012,6.19,72.78,ASA,36
406,Konstance,Palphreyman,27,Female,05-05-1939,6.03,82.19,MGL,35
407,Tandy,Daly,40,Female,14-07-1904,6.63,95.59,INA,36
408,Sampson,Armitage,36,Male,31-07-1924,5,84.33,BRA,41
409,Wilie,Mogra,44,Female,21-11-2005,4.62,49.54,SWE,25
410,Hewe,MacDearmid,22,Male,01-05-1908,6.52,57.42,UZB,31
411,Evangelin,Calvey,56,Female,14-04-2002,4.99,72.48,GRE,21
412,Maxy,Diloway,39,Male,20-12-1985,4.31,74.79,NAM,57
413,Lucien,Karpushkin,34,Male,28-09-2016,6.09,68.75,UAE,5
414,Henri,Angus,50,Male,19-09-2013,6.78,85.03,LIE,60
415,Marybeth,Bromidge,23,Female,25-12-1949,5.86,45.09,MRI,20
416,Michelina,Nunn,24,Female,30-05-1977,5.33,69.46,AHO,28
417,Kathryn,Selly,58,Transgender,14-06-1906,6.44,59.58,BUR,27
418,Philis,Ricks,26,Female,04-12-2007,4.34,90.62,POR,50
419,Chelsy,Shinner,64,Female,27-04-1972,6.06,61.13,IND,39
420,Tori,Huke,24,Female,16-01-1958,5.06,61.37,ZIM,40
421,Dionisio,Pakes,60,Male,29-03-1910,4.76,92.06,SEY,30
422,Samantha,Holwell,47,Female,15-11-1998,4.31,95.3,HAI,9
423,Fleming,Cianelli,62,Male,14-07-1928,4.91,75.9,ETH,6
424,Percival,Riccardelli,41,Male,30-05-1985,4.95,55.5,CRO,59
425,Amii,Auton,28,Female,25-08-1968,5.41,83.76,VEN,50
426,Maurita,Highnam,36,Female,06-08-1968,4.51,97.39,VAN,48
427,Hewie,Dimmick,42,Male,31-12-1906,5.49,96.44,PER,23
428,Ronald,Cristofalo,24,Male,21-02-1960,4.3,86.27,FIJ,39
429,Antonina,Klimushev,62,Female,20-05-1974,4.45,90.81,NZL,53
430,Courtnay,Pitson,16,Male,24-03-2020,6.06,101.23,YUG,1
431,Cleo,Bouts,30,Female,07-09-1985,5.41,61.57,VNM,11
432,Seth,Culleton,53,Male,09-05-2006,5.92,57.28,INA,21
433,Kathie,Gallego,37,Female,29-11-1949,6.7,101.13,NCA,11
434,Patricio,Quinnette,19,Male,05-07-1934,6.81,59.55,ESA,4
435,Gwenette,Blethyn,36,Female,28-10-1982,4.03,102.27,GRN,56
436,Effie,Poulglais,45,Female,25-12-1986,5.71,79.61,JPN,48
437,Chadd,Petrenko,34,Male,18-08-1993,5.91,72.83,BIZ,35
438,Roderigo,Cust,44,Male,11-05-1900,4.01,50.29,DOM,5
439,Vonnie,Vannar,49,Female,21-07-1928,6.06,61.31,KAZ,41
440,Kennett,O' Markey,56,Male,25-12-1993,5.6,48.09,KUW,36
441,Sonya,Frawley,20,Female,02-11-1995,6.18,71.21,SUI,27
442,Othilia,Leil,49,Female,26-12-1966,5.8,74.9,MAD,42
443,Michail,Mattheissen,39,Male,24-10-2014,5.48,64.81,RHO,45
444,Benoit,Diess,52,Male,16-02-1956,4.31,69.75,MAL,10
445,Jacky,Codlin,47,Female,25-02-1989,6.43,106.71,DMA,59
446,Rockie,Gamwell,65,Male,26-10-1936,4.26,91.45,YAR,25
447,Faber,Slowan,21,Male,22-11-1944,6.39,82.05,PAN,19
448,Thorndike,Marle,51,Male,03-05-1924,4.9,49.86,ESP,20
449,Carmencita,Desporte,17,Female,17-10-1966,4.63,73.72,ANT,7
450,Wolfy,Sussams,16,Male,02-12-1959,5.69,103.01,CHN,37
451,Marsh,Adamsson,39,Male,19-10-1988,4.19,91.64,FRG,39
452,Ashien,Reeder,32,Female,28-06-1960,6.17,63.59,GAB,35
453,Virgilio,Whyke,39,Male,11-07-1946,5.46,46.5,CYP,18
454,Robby,Scadding,17,Female,09-07-2013,4.09,65.95,MLT,11
455,Fernando,Bonifas,47,Male,02-10-1970,6.71,85.1,NOR,42
456,Matelda,Snibson,51,Female,18-07-2002,5.1,79.27,PAN,39
457,Corina,Smallsman,27,Female,28-01-1914,6.62,67.04,BUL,49
458,Gay,Ettery,20,Female,02-04-1904,6.93,59.96,WIF,20
459,Ingeberg,Wallbanks,23,Female,29-10-1990,4.13,107.63,SGP,1
460,Orly,Carvilla,55,Female,24-06-1978,6.07,96.73,MGL,29
461,Ole,Surman-Wells,65,Male,11-12-1961,5.87,103.91,LAO,30
462,Shanon,Aldhouse,34,Female,01-12-1977,6.76,97.87,COR,2
463,Dolli,Botterell,59,Female,02-09-1957,6.73,101.06,AHO,26
464,Clara,Ruck,58,Female,04-02-1987,5.23,108.84,POL,30
465,Cornell,Fotitt,19,Male,18-06-2023,5.11,45.92,CMR,13
466,Clevie,de Juares,52,Male,13-06-1954,5.75,58.93,GUA,25
467,Ransom,Isabell,44,Agender,31-05-1930,4.19,64.4,MKD,6
468,Ives,Philipsohn,24,Male,29-08-1921,4.78,55.34,FIJ,27
469,Joane,Hunstone,24,Female,01-05-1984,5.99,101.57,SAM,55
470,Ado,Achrameev,56,Male,20-02-1954,5.15,96.95,QAT,46
471,Feliza,Jurgen,24,Female,16-01-1917,5.58,86.51,CHN,56
472,Moria,Hunnawill,56,Female,18-04-1971,5.56,68.85,NED,24
473,Joyann,Sinyard,22,Female,14-06-2017,5.17,74.03,MDA,19
474,Nealon,D'Onisi,22,Male,08-11-1956,5.29,85.97,PUR,24
475,Hurlee,Gedge,58,Male,24-10-1912,6.53,54.6,BAR,52
476,Shepperd,Annies,22,Male,21-04-1902,5.28,74.87,ARU,31
477,Dosi,Lockery,28,Polygender,29-10-1910,6.13,97.59,UNK,25
478,Cornell,Cawker,65,Male,26-03-2019,5.41,69.25,FIN,59
479,Veradis,Rove,28,Female,19-02-1929,4.95,71.27,SOL,30
480,Colman,Croll,26,Male,08-12-1920,6.8,55.58,BUR,19
481,Dominique,Bernardoux,16,Female,27-11-1940,5.02,107.62,SLE,17
482,Clemmie,Woolen,32,Male,07-08-1909,5.01,95.4,NED,4
483,Melli,De Mars,62,Female,24-05-1935,4.48,98.69,ARU,54
484,Louie,Dat,37,Male,20-06-1912,4.58,73.69,SAA,20
485,Dare,Reis,41,Male,17-08-1998,6.81,104.65,ANZ,39
486,Dolorita,Pledger,27,Female,10-12-1967,6.11,59.11,IND,56
487,Leonie,Jansen,64,Female,16-01-1938,4.62,82.35,HON,29
488,Allin,Gautrey,64,Male,20-12-1911,5.81,57.76,MAS,37
489,Cleopatra,Gascoine,20,Female,21-05-2009,6.74,56.72,BRA,15
490,Sal,Mesias,34,Female,20-11-1980,4.1,78.61,RSA,59
491,Candida,Slade,26,Female,27-07-1902,5.94,76.47,TCH,50
492,Aldon,Gonzalo,50,Male,20-01-2000,6.59,102.08,NOR,32
493,Saraann,Tzar,33,Female,21-11-1937,4.32,108.96,PNG,24
494,Jarvis,Dannett,19,Male,07-11-2014,5.75,68.75,BDI,31
495,Lorrie,Kleynermans,41,Male,17-09-2003,4.76,105.62,MYA,23
496,Enrica,Housden,48,Female,09-10-1958,6.41,88.44,LBN,35
497,Wren,Philpott,41,Female,29-12-1969,4.6,91.7,BOT,36
498,Philippe,Habden,36,Female,11-06-1937,5.65,61.69,MAR,29
499,Kissiah,Cawthron,65,Female,02-08-1987,4.27,47.19,YEM,39
500,Gustavo,Esilmon,42,Male,10-02-1958,6.28,64.45,COK,12
501,Ettore,Reinbeck,60,Male,07-01-1979,6.97,104.87,MDA,58
502,Debee,Dablin,51,Female,20-04-1903,6.92,82.71,MDA,29
503,Haleigh,Coonihan,32,Male,28-03-1925,6.09,57.05,SSD,42
504,Cecile,Curmi,56,Female,21-05-1931,6.92,106.65,BOH,40
505,Polly,Slatten,52,Female,01-04-1982,5.41,78.89,ALB,39
506,Llywellyn,Paulat,46,Male,08-01-2021,5.87,62.47,SOL,50
507,Janaya,Muscroft,49,Female,17-11-2011,6.48,50.66,WIF,35
508,Daune,Cerro,55,Female,09-10-1985,5.99,83.13,STP,36
509,Frankie,Crichmer,48,Female,03-04-1948,4.18,67.52,CMR,18
510,Flemming,Bardell,40,Male,02-05-2019,4.76,72.26,AUS,27
511,Arel,Sabin,62,Male,21-08-1919,6.45,79.16,TOG,58
512,Em,Halleday,18,Male,19-07-2008,6.94,96.91,JAM,55
513,Lenci,Fisby,25,Male,05-05-1908,5.45,87.49,PRK,18
514,Livy,Dellenty,42,Polygender,01-08-1987,6.65,106.42,EOR,47
515,Tabor,Claeskens,37,Male,20-12-1987,5.39,47.91,CHA,51
516,Lorita,Brettor,64,Female,05-06-1969,5.28,102.47,RWA,56
517,Honoria,Le Ball,57,Female,25-09-1901,4.76,50.78,GEQ,4
518,Lawton,Thoms,39,Male,04-05-1949,5.13,86.59,YEM,31
519,Winifred,Leyfield,54,Female,15-10-1979,6.98,74.28,SVK,18
520,Kit,Leyson,22,Male,05-04-1942,5.96,100.9,MDA,11
521,Traver,Iredell,51,Male,08-04-2000,6.02,79.3,SEY,60
522,Jillane,Markussen,30,Female,12-11-1969,6.56,106.88,YAR,45
523,Giffie,FitzGeorge,57,Male,12-04-1922,4.2,73.95,YEM,40
524,Shea,Tribe,36,Male,11-02-1901,6.96,82.54,TJK,36
525,Audi,McCooke,52,Female,15-01-1912,5.49,62.37,GBR,18
526,Hoebart,Duffie,65,Male,22-03-1916,6.68,89.59,ISR,55
527,De,Tonsley,30,Female,30-06-1921,6.93,83.7,ANG,28
528,Krissie,Youdell,31,Female,05-12-1946,4.2,66.77,KOS,29
529,Billy,Purtell,38,Male,03-07-1978,5.21,46.84,PUR,41
530,Rickey,Langeren,16,Male,02-04-1993,6.83,63,BHU,1
531,Joaquin,Guidera,26,Male,30-01-1946,6.09,99.14,CAF,31
532,Heinrick,Jorissen,56,Male,27-01-2013,6.16,50.42,CUB,37
533,Penrod,Sains,65,Male,27-06-1956,4.39,92.79,MAS,38
534,Lisle,Chenery,22,Male,01-01-1987,6.79,62.72,GRE,40
535,Algernon,Clamo,55,Male,04-07-1957,4.6,87.48,ALB,49
536,Aurthur,Askwith,35,Male,30-04-1923,5.66,84.57,IRQ,53
537,Drake,Cullin,46,Male,12-02-1997,5.26,101.9,VAN,45
538,Kathi,Tibbotts,42,Female,04-01-1933,6.35,79.71,BHU,6
539,Melitta,Llewhellin,18,Female,15-04-2010,6.08,96.74,KUW,35
540,Rey,Taunton,36,Female,14-03-1970,6.77,100.06,BUL,58
541,Elsbeth,Pietesch,30,Transgender,19-06-1919,4.23,66.29,ANG,54
542,Wat,Guilloton,54,Male,27-04-2005,4.11,66.2,CZE,39
543,Anderea,Gibbett,60,Female,25-02-1971,4.6,63.46,ESP,41
544,Arly,Sicily,43,Female,03-01-1929,4.27,81.67,MEX,19
545,Hurlee,Edmett,18,Male,10-12-1947,5.51,109,CAM,21
546,Jordon,Pymm,33,Male,28-05-1992,5.43,76.58,KSA,39
547,Zahara,Kneel,28,Female,08-04-1921,6.72,98.99,TLS,17
548,Antonina,Grollmann,28,Female,14-08-1968,4.56,59.49,CGO,50
549,Marga,Keyte,45,Female,28-03-1993,4.23,66.79,FSM,54
550,Fabien,Ferreo,33,Male,19-11-1958,5.04,82.92,CAN,24
551,Irita,Astbury,32,Female,07-07-1995,6.18,61.73,MAS,43
552,Beth,Broadwood,32,Female,11-12-1910,4.77,104.73,ARG,38
553,Nico,Skim,47,Male,31-10-1910,4.87,59.5,SUD,30
554,Linette,Bauldrey,36,Female,03-02-1951,5.52,56.34,IND,58
555,Tate,Bilborough,49,Male,28-01-2008,4.98,51.81,GUY,51
556,Dex,Domenicone,44,Male,21-07-2007,5.55,69.19,SWZ,32
557,Brynna,Giorgietto,36,Female,10-10-1949,5.2,91.29,BEN,12
558,Roseline,Burder,40,Female,29-04-2013,6.82,72.64,CRT,40
559,Malchy,Ellerington,30,Male,15-01-1992,5.06,49.57,POR,32
560,Jamaal,Assender,18,Male,02-07-1907,4.27,80.5,KOS,3
561,Ynez,Cottrill,64,Female,07-04-1978,6.92,96.81,MON,42
562,Jerri,Sneller,48,Male,08-03-2016,4.32,74.57,EGY,20
563,Suzie,Sharples,37,Female,02-03-1932,4.7,51.09,LAT,34
564,Emmye,Poulton,38,Female,09-06-1911,4.08,66.82,BIZ,11
565,Glenden,Skeat,55,Male,12-04-2009,4.65,61.82,CHA,41
566,Cointon,Cutcliffe,43,Male,28-01-2012,6.51,84.09,CHI,48
567,Riccardo,Le Gall,36,Transgender,15-08-1909,4.81,96.46,JOR,23
568,Gusti,Dark,63,Female,27-10-1908,6.74,105.55,NOR,59
569,Dylan,Sandey,55,Male,23-01-1984,5.26,71.18,RUS,19
570,Kathlin,Dreghorn,47,Female,23-12-2006,6.31,75.63,TAN,33
571,Desi,Thorneley,24,Male,17-06-1947,5.05,84.2,VNM,13
572,Karlotta,Dodworth,41,Female,23-11-2020,6.56,94.77,VIN,53
573,Gayle,Bostock,55,Female,19-12-1927,5.09,46.66,CAF,44
574,Amerigo,Drewitt,44,Male,21-05-1963,5.42,75.48,UAR,39
575,Stacey,Winson,42,Female,22-12-1999,4.86,46.53,ISR,42
576,Enos,Jarrard,55,Male,02-11-1977,5.92,104.16,BIH,27
577,Christalle,Meah,40,Female,30-07-1916,4.21,68.53,IVB,47
578,Romona,Bauer,53,Female,13-05-1937,6.7,104.66,WIF,39
579,Lilly,Polino,22,Female,11-10-1972,5.92,53.36,NED,23
580,Janelle,McGonigal,21,Female,11-09-1943,6.48,95.23,ESP,58
581,Maddalena,Chowne,30,Female,27-04-1966,5.4,73.28,LAT,55
582,Marillin,Silverthorn,50,Female,16-06-1958,6.01,88.63,SWE,57
583,Freda,Bulteel,29,Female,12-12-2000,5.09,91.15,NIG,14
584,Justis,Dagon,60,Male,12-09-1922,4.31,71.16,ROC,12
585,Kilian,Adie,58,Male,04-02-2007,4.09,109.33,ARG,35
586,Herve,Legon,45,Male,29-10-1988,4.41,69.39,MON,11
587,Corilla,Woffenden,20,Agender,19-11-1988,4.32,103.53,VIE,31
588,Missy,O'Dulchonta,50,Female,16-10-1995,6.51,67.7,KOR,30
589,Raymond,Greschke,58,Male,25-03-1956,6.77,55.31,COL,29
590,Gare,Redrup,20,Male,05-12-1908,5.62,86.09,NEP,46
591,Moreen,Faulconbridge,32,Female,15-11-1980,5.15,77.01,BRA,33
592,Malcolm,Stallan,33,Male,26-04-1955,6.13,78.83,BOL,56
593,Jessa,Pretty,54,Female,23-04-1981,6.28,48.97,CHA,6
594,Bruce,Jobke,53,Male,03-11-1908,4.81,56.6,TAN,31
595,Lotty,Ceschini,52,Female,29-08-1961,4.39,96.12,ECU,39
596,Lorant,Gyurkovics,57,Male,07-09-1904,6.65,86.09,LBN,3
597,Clifford,Chantree,60,Male,18-01-2009,6.45,52.39,VAN,22
598,Horacio,Cosely,47,Polygender,18-03-1998,6.09,47.58,NED,48
599,Sabrina,Elsip,60,Female,15-01-1908,6.27,94.41,MAS,29
600,Debora,Soutter,49,Female,24-02-1966,4.73,84.23,WIF,16
601,Lela,Kleinhausen,47,Female,25-11-1974,4.25,77.3,TGA,46
602,Wandis,Fowden,29,Female,02-06-2023,5.51,104.09,LBN,10
603,Aurel,Manz,26,Female,23-10-1910,4.98,95.81,ANT,30
604,Dun,Redish,20,Male,01-04-1974,4.4,45.59,VIE,28
605,Nestor,Dutt,32,Male,11-07-1921,4.27,83.31,MDV,53
606,Darleen,Rubbert,21,Female,31-05-2017,6.3,58.48,NAM,8
607,Lynnette,Heining,45,Female,22-12-1998,6.44,49.29,DOM,54
608,Lara,Hurndall,21,Female,25-05-1911,4.54,89.04,WIF,54
609,Anselma,Di Biaggi,24,Female,21-09-1998,5.32,103.86,VNM,48
610,Hamlin,Warters,20,Male,31-03-1911,5.43,51.49,TTO,49
611,Hendrick,Slyde,28,Agender,15-08-1938,4.72,48.8,POR,14
612,Dorris,Klas,27,Female,04-01-2009,6.61,73.73,INA,5
613,Coral,Denyer,35,Female,03-12-1971,6.07,92.75,UKR,31
614,Phebe,Balaizot,52,Female,14-06-2022,5.18,50.24,NZL,19
615,Kathryne,Castenda,16,Genderfluid,15-01-1990,4.27,99.12,CHN,27
616,Roddy,Eadington,57,Male,10-05-1956,4.54,72.97,MAL,51
617,Galven,Dicke,51,Male,07-01-2020,5.45,56.81,NBO,46
618,Sanders,Burrows,29,Male,24-04-2018,5.44,56.7,AND,9
619,Monroe,Kindall,16,Male,02-10-2012,5.14,62.84,NED,22
620,Andonis,Warnock,38,Male,16-06-1952,5.41,81.23,UZB,60
621,Kass,Garey,16,Bigender,14-02-2008,6.9,104.51,ERI,47
622,Don,Greves,38,Male,23-02-1977,4.14,99.4,TAN,45
623,Farrah,Pay,28,Female,18-01-2022,6.39,73.3,SLO,54
624,Terri,Espino,23,Male,06-10-1906,4.68,71.06,BAR,5
625,Arte,Knowlton,53,Male,07-06-1996,6.74,47.93,LES,5
626,Aeriel,Renny,46,Female,27-10-1912,4.74,48.38,ARG,4
627,Bertie,Cutcliffe,59,Female,14-11-2012,4.79,100.95,CRT,55
628,Magdalene,Tassaker,53,Female,16-01-2014,5.56,92.31,BRA,39
629,Adamo,Bakey,43,Male,14-09-2009,6.18,95.05,GER,36
630,Hendrika,Von Der Empten,56,Female,15-09-1996,5.61,71.85,NRU,2
631,Tedra,Jeanes,51,Female,28-07-2010,4.05,57.98,IOA,15
632,Zechariah,Plummer,65,Male,25-08-1915,5.77,97.24,LBR,50
633,Kennie,Yarham,45,Male,22-04-1941,6.62,73.41,SWE,20
634,Roslyn,Crallan,56,Female,08-03-1996,4.18,63.92,COM,53
635,Felipa,Vittel,52,Female,24-11-2010,4.94,105.21,BIZ,55
636,Lockwood,Hook,31,Male,11-02-1997,5.19,96.23,VEN,13
637,Hernando,Eam,20,Male,17-05-1958,6.87,47.98,GRN,45
638,Sheilah,Overpool,51,Female,07-05-1910,6.96,102.91,AZE,21
639,Berkeley,MacGarvey,23,Male,07-12-2006,5.72,67.2,MAW,25
640,Sheena,Delicate,61,Female,30-08-1930,6.85,87.4,RUS,49
641,Joly,Gerren,56,Female,29-12-1914,4.16,94.52,ECU,10
642,Valry,Clell,52,Female,24-10-2001,4.43,100.16,HUN,50
643,Lisle,Oleshunin,46,Male,07-02-1987,6.8,83.86,ERI,11
644,Theo,Wrassell,58,Female,30-10-1943,4.15,97.44,NOR,19
645,Augusto,Frude,18,Male,12-05-1948,5.68,98.82,WIF,27
646,Jorry,Woodcock,32,Female,30-11-1909,6.14,54.37,SRB,8
647,Phoebe,Biggs,24,Transgender,06-07-1913,6.65,66.89,EOR,27
648,Herschel,McMyler,37,Male,13-09-2007,4.4,45.05,UKR,47
649,Ariana,Markl,61,Female,24-08-2022,4.4,80.37,BUR,7
650,Enos,Trayford,47,Male,07-10-1947,4.47,52.71,AUT,40
651,Chanda,Erskine,37,Female,12-04-2011,5.07,63.86,ECU,8
652,Ethyl,Wilds,56,Female,01-04-1971,6.62,85.49,LBR,14
653,Celene,Gillbey,60,Female,15-10-1943,5.02,105.85,POL,28
654,Kelsi,Darridon,59,Female,02-06-1983,4.1,79.3,MIX,25
655,Justin,Mushett,57,Male,20-10-1969,6.2,90.99,HAI,14
656,Cammy,Somerscales,29,Male,13-07-1956,6.83,51.73,FRA,35
657,Maisey,Collar,53,Female,08-03-1919,4.66,58.64,BIZ,18
658,Goddart,Mawtus,24,Male,02-05-1919,6.68,83.13,GBS,22
659,Edgard,Ladbrooke,54,Male,28-04-2010,5.6,58.71,ZIM,4
660,Deloria,Milmoe,22,Female,10-01-1929,5.67,95.18,DJI,36
661,Horton,Notley,25,Male,16-11-1909,5.55,95.34,RSA,27
662,Thomasina,Instrell,28,Female,03-04-2013,5.59,102.49,PLW,20
663,Martynne,Greguoli,26,Female,06-02-1956,6.4,74.66,NFL,42
664,Bethany,Karlsson,24,Female,20-01-1900,5.33,56.21,ROC,55
665,Teresita,Wimpey,50,Female,15-03-2017,6.59,103.51,NBO,56
666,Sherwood,Calyton,26,Male,27-12-1981,6.92,95.21,MYA,42
667,Louise,Loffhead,42,Female,29-04-1955,6.64,87.95,FIN,11
668,Kristopher,Gossage,39,Male,05-12-1983,4.37,93.6,EGY,14
669,Berne,Grimestone,45,Male,03-01-1904,6.81,52.45,SCG,50
670,Lesley,MacGibbon,41,Genderfluid,20-06-2017,5.3,57.28,BRN,21
671,Napoleon,Feedome,23,Male,24-09-1922,6.74,100.58,BRN,15
672,Jozef,Zanetti,31,Male,09-12-1942,5.46,91,SAA,39
673,Ewart,Wapples,42,Male,12-08-2014,4.75,71.97,SWZ,16
674,Eolanda,Mc Carrick,38,Female,19-11-1953,5.75,70.27,RHO,3
675,Hedy,Greenier,43,Female,30-03-1921,6.18,83.24,LBR,17
676,Adamo,Frostdyke,20,Male,04-07-1947,6.09,73.48,YAR,22
677,Niko,Kullmann,42,Male,29-09-1935,4.76,99.22,LBR,47
678,Rowe,Quincee,22,Female,23-03-2021,6.87,70.21,GRE,42
679,Hewet,Giacobillo,65,Male,05-06-2001,5.19,96.84,ZAM,28
680,Cornie,Sermin,37,Female,06-02-1912,6.85,78.72,CGO,18
681,Randal,Luetchford,39,Agender,03-08-1949,5.95,70.06,LUX,13
682,Madlen,Abell,33,Female,04-04-1991,4.07,86.33,RHO,5
683,Cati,Windaybank,61,Female,24-03-1912,5.28,56.4,SOM,56
684,Jabez,Piegrome,41,Male,17-07-1983,6.06,77.19,GRN,37
685,Margareta,Mossbee,20,Female,04-04-1989,6.79,48.14,BER,22
686,Renault,Hafford,31,Male,10-09-1947,5.18,105.97,BRA,10
687,Arron,Stiling,31,Male,18-11-1972,4.03,65.37,TJK,16
688,Wilie,Emps,31,Female,17-06-2015,4.7,105.19,RWA,27
689,Ondrea,Lamboll,60,Female,25-10-1929,5.93,93.85,AZE,5
690,Laural,Roglieri,24,Female,09-03-1964,4.32,56.41,ITA,9
691,Siana,Skurm,30,Female,17-01-2017,6.77,54.98,CYP,6
692,Donni,Lillee,41,Female,24-06-1964,4.52,47.74,HUN,41
693,Ofilia,Baiden,38,Female,18-08-1922,4.34,94.81,CHN,44
694,Mia,Brendish,50,Female,09-07-1917,6.48,106.33,FSM,39
695,Sigfrid,Pestricke,60,Male,10-12-1915,5.16,65.01,PRK,50
696,Betti,Ferriman,28,Female,07-05-1944,6.64,56.06,CGO,54
697,Adolf,Frankcom,42,Male,31-10-1949,6.62,78.66,CMR,35
698,Abelard,Vause,45,Male,09-04-1913,6.36,87.97,CZE,57
699,Korry,Kline,46,Transgender,26-12-1919,6.2,54.35,SWZ,24
700,Isidora,Cuxson,47,Female,08-03-1906,4.09,103.16,CRO,53
701,Jeffry,Jaume,28,Male,04-08-2010,5.8,72.25,BOH,53
702,Gerri,Manger,21,Male,09-10-1961,5.89,53.92,BUR,49
703,Devinne,Kerwin,43,Female,29-01-1903,5.24,106.19,IOA,31
704,Regen,Berzon,54,Male,14-07-2018,5.83,104.66,BOL,51
705,Moshe,Barchrameev,34,Male,14-01-1924,4.39,46.23,SMR,57
706,Franciskus,Gallymore,63,Male,01-04-1907,5.22,88.42,PUR,4
707,Fonsie,Zotto,62,Male,20-03-1963,4.55,94.73,BRU,43
708,Rip,Fantin,33,Bigender,17-09-1932,4.9,101.36,IOA,42
709,Temple,Bygrove,55,Male,14-04-1947,4.57,64.53,TAN,1
710,Hanson,Tullot,17,Male,18-06-1965,6.6,66.32,BLR,15
711,Carroll,Hartell,33,Male,13-07-1932,5.94,105.2,MOZ,27
712,Desmund,Bard,47,Male,14-01-1903,6.78,48.31,CRO,24
713,Delainey,Wilmut,37,Male,02-01-2019,4.51,58.77,PAK,12
714,Gerardo,Keaveny,45,Male,23-12-2020,5.48,51.63,VAN,50
715,Riobard,Ecles,16,Male,22-01-1903,4.79,77.97,MYA,23
716,Lawry,Cossom,52,Male,26-01-1960,6.65,103.54,BUR,19
717,Pall,Bendan,50,Male,17-05-1927,6.79,46.48,TLS,4
718,Wallis,Kinze,46,Female,09-01-1951,6.87,58.32,LBA,55
719,Kym,Springle,53,Female,17-01-1960,6.75,102.53,RUS,10
720,Kirsten,Moulton,31,Female,09-11-1985,4.88,52.49,ITA,13
721,Clarine,Bauckham,35,Female,26-07-1971,6.72,101.69,MKD,46
722,Malchy,Butterfint,63,Male,12-05-1951,6.58,88.14,GEQ,52
723,Margaretta,Cutts,61,Female,18-03-1992,4.12,77.08,NGR,53
724,Roddy,Warnes,17,Male,26-04-1959,6.8,100.77,ESA,2
725,Paulie,Valentin,54,Female,27-07-1998,6.91,69.59,CRT,31
726,Nanci,Harkin,56,Female,14-02-2009,4.35,109.52,AND,25
727,Tallie,McGilvray,42,Male,29-10-1911,5.57,97.81,AHO,17
728,Eldin,Gaule,30,Male,10-10-1901,5.78,60.2,MLT,17
729,Norbert,Handlin,33,Male,08-10-1954,4.67,52.69,BOH,3
730,Dilly,Sloyan,17,Male,07-06-2005,4.26,61.76,IRQ,46
731,Ansel,Wetherick,18,Male,03-10-2014,5.11,53.71,IVB,29
732,Peggy,Edmondson,31,Female,14-10-1994,4.94,87.75,UKR,36
733,Leonidas,Arons,39,Male,20-03-1962,4.94,83.67,WIF,27
734,Jacinta,Piris,62,Transgender,31-10-1928,4.58,77.54,AZE,4
735,Monica,Hayer,42,Female,29-03-1935,5.16,72.79,MYA,53
736,Elmo,Orteau,22,Male,04-02-1958,6.59,64.89,HON,35
737,Ally,Stentiford,42,Female,23-12-2001,6.92,103.93,MNE,23
738,Augie,Pointon,47,Male,25-08-1959,4.67,58.32,NOR,59
739,Josiah,Jeannon,41,Male,08-05-1931,6.38,47.64,HAI,18
740,Northrop,Burles,60,Male,01-09-1979,4.35,66.59,NOR,14
741,Jdavie,Stephen,64,Agender,13-02-1917,5.04,107.87,KOS,44
742,Bogey,Musicka,19,Male,11-07-1980,6.1,58.25,UGA,58
743,Nadya,Blagden,50,Female,18-01-1935,6.14,68.2,MGL,44
744,Isidora,Hecks,27,Female,30-12-1967,4.57,76.88,YUG,11
745,Gabrila,Drayton,29,Female,16-01-2022,6.1,90.85,GUY,19
746,Ronny,Overstreet,37,Male,30-07-2020,4.73,87.56,GHA,57
747,Abbey,Chasney,56,Female,14-11-1952,6.23,69.97,VNM,30
748,Minerva,Pedrocco,58,Female,10-08-2017,4.14,91.4,CAM,2
749,Iolanthe,McClenan,61,Female,04-11-1986,4.59,88.2,GBS,52
750,Darbie,Breckell,40,Bigender,02-11-1949,6.22,103.88,ISR,49
751,Tobey,Jewer,55,Female,19-01-1912,6.89,78.84,KOR,6
752,Reece,Landeg,41,Male,03-12-1971,4.98,62.93,MRI,7
753,Stillmann,Ludmann,33,Male,24-03-2012,4.72,72.18,VEN,9
754,Sybille,Courvert,22,Female,05-10-1919,6.09,85.62,MYA,53
755,Estel,Kellie,53,Genderfluid,18-10-1977,5.5,89.14,IOA,14
756,Lamond,Leece,54,Male,26-04-1945,5.55,65.03,BIZ,57
757,Melamie,Lago,60,Female,19-12-2004,4.95,98.67,RWA,11
758,Marcille,Oakenford,32,Female,06-11-2014,6.81,95.76,GRN,8
759,Ardra,Vint,60,Female,07-05-1993,6.41,60.95,INA,28
760,Yorgo,Chaman,18,Transgender,01-08-1967,5.48,63.93,MGL,42
761,Dela,Kille,32,Bigender,28-05-1926,5.85,93.92,TKM,12
762,Odey,Guise,53,Male,01-03-1912,5.21,89.52,ANZ,18
763,Rianon,Ludewig,21,Female,29-07-2019,4.39,94.62,SRB,38
764,Connie,Tramel,48,Female,05-04-1928,4.88,84.98,STP,8
765,Beverley,Honnan,56,Female,23-02-1944,4.58,92.14,BOT,19
766,Glynis,Durrell,30,Female,29-01-2006,4.86,73.12,GAB,50
767,Morgan,Algeo,35,Female,17-02-1980,6.55,67.58,SVK,54
768,Emma,Pamplin,23,Female,08-08-1969,5.28,74.95,PHI,15
769,Caldwell,Renne,36,Male,05-08-1959,6.39,105.3,PAK,57
770,Anatol,Donovan,18,Male,10-05-1922,4.41,48.86,BEN,10
771,Noby,Tudor,16,Male,12-02-2016,4.4,79.86,ITA,23
772,Robinetta,Muffin,58,Female,06-12-1924,6.58,77.71,KOR,50
773,Dolores,Lyndon,62,Transgender,17-06-2000,5.25,74.8,HKG,1
774,Callean,Nesey,35,Male,09-09-1973,6.36,56.18,IRL,30
775,Erinn,Maher,44,Female,28-10-1998,5.69,57.58,ANG,39
776,West,Maciunas,46,Male,24-02-1938,5.22,70.82,IRL,27
777,Ruthanne,Scolts,19,Polygender,12-05-2008,4.9,48.71,CHI,36
778,Oren,Annion,55,Male,19-03-1970,4.4,99.91,TUV,55
779,Mariam,Bellie,63,Female,04-09-1950,4.3,55.33,KOR,38
780,Tammara,Eastup,54,Genderfluid,08-07-1991,4.23,99.6,BRU,24
781,Simeon,Rembrandt,25,Male,22-10-2004,6.86,101.65,BIZ,57
782,Jaime,McCreery,34,Female,22-03-1997,4.15,57.04,BRA,47
783,Teddie,Patis,16,Male,16-03-1979,5.34,71.25,NED,16
784,Dorie,Kuschke,25,Female,21-02-1976,6.26,45.08,VIN,4
785,Lance,Sayburn,30,Male,13-04-2004,6,82.8,CAN,54
786,Kirbee,Lantaff,16,Bigender,07-09-2015,6.47,81.46,LIE,5
787,Peyton,Smythe,28,Male,20-06-1906,4.72,49.5,INA,48
788,Allyn,Ricciardelli,22,Female,07-10-1950,5.87,79.54,CRC,35
789,Zola,Normansell,26,Female,15-07-1925,4.76,77.04,CHN,54
790,Darrell,Dederich,42,Polygender,26-12-1940,5.92,98,JPN,42
791,Mari,Brenneke,38,Female,06-12-1984,5.71,97.83,ANT,13
792,Josiah,Clatworthy,16,Male,09-10-1981,4.68,74.48,TLS,8
793,Vyky,Edlyn,47,Female,10-12-1998,5.99,46.99,CRO,2
794,Hakeem,Skerritt,39,Male,06-05-1959,6.98,59.91,KOR,57
795,Terrell,Leheude,27,Female,24-05-1972,5.65,61.89,TOG,14
796,Pace,Croxley,57,Male,10-12-1902,5.11,101,FIJ,39
797,Westbrook,Holtom,46,Female,21-09-1988,6.66,74.82,NIG,28
798,Bancroft,De Mattia,42,Male,13-05-2005,4.85,109.22,MYA,28
799,Drud,Lindop,48,Male,27-11-1954,6.8,84.18,UZB,41
800,Randy,Chalice,65,Female,18-01-1976,6.43,59.86,DMA,45
801,Darnell,Pedden,55,Male,24-05-1904,6.8,68.08,AZE,35
802,Bastien,Kalb,28,Male,12-07-1999,5.26,86.99,QAT,26
803,Cornela,Doggart,63,Female,20-07-1925,4.43,80.95,BOL,27
804,Kingsly,Cramb,48,Male,27-03-1976,4.09,80.27,ARM,28
805,Shermie,Shorto,53,Male,29-09-1936,5.89,64.25,UNK,11
806,Pauly,Ranald,42,Female,15-02-1988,4.18,49.64,SGP,44
807,Vincents,Mor,26,Male,16-04-1909,6.38,62.36,SEY,22
808,Mignonne,Bergeau,57,Female,13-03-1972,4.31,101.29,MDV,59
809,Netta,Borley,32,Female,18-05-2021,4.66,74.52,MTN,23
810,Gabriele,Kennler,47,Male,18-01-1953,6.62,83.7,AFG,38
811,Shell,Djokic,18,Male,19-06-1992,4.98,78.63,THA,19
812,Herschel,Bracknell,32,Male,01-02-1944,5.43,80.07,MGL,34
813,Darla,Feldberger,46,Female,31-10-2006,5.13,51.76,UGA,26
814,Lesley,How to preserve,53,Male,22-11-1909,5.28,97.79,ASA,19
815,Rodolphe,Gossipin,34,Male,18-07-1982,6.04,77.86,EGY,41
816,Allx,Zouch,63,Female,08-01-1996,4.21,91.15,FIJ,37
817,Esdras,Venners,37,Male,03-08-1972,5.79,71.97,LCA,13
818,Sanson,Jacquemot,18,Male,08-01-1919,6.12,66.21,VNM,23
819,Zonda,Durn,62,Genderfluid,07-01-1942,4.94,78.2,RHO,59
820,Yvette,Seebright,57,Bigender,29-04-1919,6.03,105.13,CHI,34
821,Natassia,Gateley,38,Female,18-10-1942,4.8,67.68,NEP,20
822,Ingram,Hayers,60,Male,17-10-1964,5.8,50.76,OMA,7
823,Jake,Gavin,20,Male,23-10-1947,4.78,97.84,MAS,60
824,Jada,Lyndon,37,Female,28-08-1940,4.73,101.63,UZB,11
825,Jay,Alesbrook,27,Male,03-09-2017,4.27,85.11,BAH,20
826,Amabelle,Nieass,38,Female,14-10-1961,5.64,67.11,BLR,58
827,Shaina,Cranshaw,35,Female,07-07-1904,4.82,58.36,CRT,34
828,Maggie,Feron,59,Female,28-10-1995,6.68,61.06,VIE,14
829,Krystal,Mattek,38,Female,31-03-1934,5.61,60.09,SSD,9
830,Milissent,Tunuy,42,Female,11-05-1956,5.25,54.97,LAO,6
831,Terrel,Whitsey,36,Male,31-12-1914,5.23,62.58,EOR,54
832,Brigitte,Maxsted,62,Female,02-05-1976,6.2,56.2,ALG,35
833,Britt,Beevens,26,Male,12-03-2005,4.5,67.34,NFL,15
834,Alis,Feather,17,Female,08-06-2004,4.12,71.04,SWZ,49
835,Emile,Fairholm,64,Male,06-06-1944,5.3,94.15,URU,19
836,Louis,Sheed,23,Male,23-09-1973,6.44,100.48,MEX,55
837,Amargo,Crollman,16,Female,16-09-1972,6.59,71.92,VIN,1
838,Ellene,Babonau,42,Female,10-03-1925,6.91,61.33,AUT,40
839,Honey,Turl,58,Female,08-02-1931,4.8,107.5,PNG,46
840,Mirilla,Giorgione,60,Female,08-01-1917,4.79,79.36,KEN,28
841,Bengt,Tamblingson,31,Male,21-12-1913,4.67,80.17,SEY,23
842,Lisetta,MacElholm,55,Female,08-09-1947,5.76,106.36,PLW,26
843,Hildagard,Kalaher,37,Agender,02-09-1935,5.32,86.44,FRA,25
844,Mattias,Schmidt,21,Male,08-07-2017,4.87,91.42,LTU,50
845,Harbert,Bail,16,Male,07-08-1969,4.77,65.38,MNE,30
846,Elva,Bithell,46,Female,08-07-1960,4.7,71.62,RWA,48
847,Susana,Flowith,22,Bigender,05-01-1975,4.28,71.33,ARU,36
848,Querida,Ethersey,58,Female,10-12-1925,4.74,99.97,EOR,5
849,Redford,Pues,26,Bigender,24-03-1928,5.14,87.59,AND,54
850,Fionna,Josum,56,Polygender,29-12-1932,6.28,81,UKR,11
851,Calv,Baldry,61,Male,04-08-1955,6,51.25,SUI,2
852,Giacobo,Grotty,24,Transgender,18-01-1910,5.15,50.62,IRI,28
853,Jacenta,Raven,57,Female,19-11-1965,6.82,70.49,IRI,30
854,Wilhelmina,Poag,30,Female,29-08-1982,5.25,53.43,SOM,27
855,Wood,Mosdell,39,Male,04-07-1968,5.96,99.43,NFL,56
856,Vicki,Postan,57,Female,06-04-1904,4.14,91.1,INA,42
857,Yehudit,Lorryman,38,Male,17-08-1959,4.84,62.96,TJK,13
858,Nanon,Batchelor,45,Female,21-04-1908,5.23,73.12,GHA,27
859,Kalindi,Sheals,35,Female,28-04-1930,6.54,48.84,HUN,39
860,Logan,Aggis,37,Male,28-06-1905,6.69,92.36,CIV,48
861,Madella,Cowx,56,Female,22-03-1905,5.62,109.23,CYP,13
862,Buck,Mc Curlye,20,Male,13-09-1924,5.2,90.52,BEN,25
863,Olivie,Brittle,46,Female,14-02-1981,6.74,65.66,COD,59
864,Armin,Handslip,52,Male,08-07-1957,6.52,53.31,DEN,44
865,Roberto,Howland,44,Male,08-07-2022,5.06,84.36,AZE,5
866,Elliot,Ure,28,Male,16-06-1903,5.47,79.66,ANG,13
867,Lonny,MacCurlye,65,Male,22-01-1961,4.05,99.7,SLO,53
868,Gwyn,Maunton,36,Female,26-08-2014,5.06,53.8,MGL,31
869,Keri,Rubra,33,Female,24-07-1982,4.09,69.33,MAD,47
870,Tripp,Ochterlony,22,Male,16-09-1983,4.86,56.43,BRA,11
871,Erick,Hastin,59,Male,11-07-1965,5.64,70.19,TAN,30
872,Barbara,Balden,31,Female,14-05-2021,4.39,69.16,TCH,39
873,Egbert,Abbiss,53,Male,21-06-2012,5.25,49.57,VEN,5
874,Cherianne,Hallitt,53,Polygender,26-03-1933,4.68,59.08,TOG,57
875,Kyle,Whitney,55,Bigender,14-03-2012,4.22,103.83,WIF,27
876,Karrah,Boston,33,Female,30-08-1985,5.55,83.26,ANZ,44
877,Loydie,Lelievre,37,Male,15-09-2018,4.79,65.48,MLT,60
878,Lynea,Rigmond,17,Female,05-06-1974,5.88,88.93,UGA,39
879,Katlin,Heal,50,Female,24-05-1994,6.61,76.01,MAD,55
880,Thia,Matyushenko,28,Female,20-12-2018,6.23,83.32,IRL,56
881,Padget,Mapston,24,Male,09-03-1984,5.02,63.21,ISV,8
882,Concordia,Handscombe,59,Female,10-10-1972,6.33,70.17,CYP,1
883,Alexio,Johann,35,Male,18-07-1911,6.32,60.19,BRA,40
884,Eddi,Leifer,32,Female,25-06-2015,5.45,81.51,FRG,14
885,Martyn,Pacheco,29,Male,09-06-1902,4.9,56.39,ETH,40
886,Kinna,Sannes,56,Female,16-06-1984,5.3,81.37,YUG,6
887,Zorine,Pyott,30,Female,14-12-1905,5.45,61.68,BHU,56
888,Holden,Crathern,57,Male,13-08-2009,6.14,83.43,GUY,43
889,Allistir,Udden,60,Male,26-07-1947,4.59,99.43,SAA,23
890,Paton,Habble,65,Male,21-09-1924,4.25,87.63,AND,34
891,Mabel,Swatheridge,62,Female,05-09-1909,4.86,48.48,LBN,2
892,Marcello,Lyes,61,Male,25-11-1948,5.78,79.89,GUM,23
893,Gratia,Witchard,23,Female,03-06-2021,5.52,97.27,KAZ,55
894,Wang,Toward,38,Male,28-06-2020,6.43,89.05,ISV,38
895,Rodolfo,Eaken,19,Male,25-06-1902,4.19,58.08,UAR,26
896,Jermain,Ridgewell,31,Bigender,19-06-1959,5.18,45.57,MGL,8
897,Brook,Epton,43,Female,19-09-1967,5.13,70.23,PAN,26
898,Dannel,De Metz,37,Male,26-03-2000,4.63,106.35,BEL,16
899,Sander,Brabbins,51,Male,06-06-1952,4.9,105.05,MAR,24
900,Katusha,Raggitt,26,Female,04-07-1994,6.04,57.06,MEX,6
901,Raeann,Cisland,28,Female,03-01-2011,5.85,80.19,IND,54
902,Lusa,Sybe,54,Female,03-02-1944,5.95,104.23,ARM,28
903,Corene,Gallgher,43,Female,24-06-1907,6.87,92.12,NGR,34
904,Gualterio,Hamshaw,24,Male,31-01-2014,5.71,99.17,BHU,44
905,Saleem,De La Cote,44,Transgender,26-11-2003,6.4,105.97,LBN,36
906,Rosaline,Whimper,25,Female,15-11-1909,5.52,70.18,SRI,49
907,Sabine,Mardee,36,Female,17-07-1924,4.07,57.91,UNK,30
908,Xymenes,Navein,63,Male,22-05-1958,6.49,103.55,RUS,31
909,Novelia,Rengger,24,Female,20-07-1965,4.11,74.56,URS,6
910,Alina,Twitty,41,Female,12-09-1919,4.66,97.83,CHN,53
911,Robbie,Dawtre,52,Female,29-11-1916,4.11,69.52,MNE,32
912,Ruttger,Bloor,64,Agender,25-01-1992,4.74,74.39,ZAM,49
913,Rick,Wethey,18,Male,05-08-2019,4.95,88.95,LES,29
914,Ariela,De Hoogh,36,Female,19-11-1977,5.63,49.95,BOT,53
915,Zackariah,Park,59,Male,01-01-1958,4.57,95.24,YMD,29
916,Kale,Haysman,63,Male,17-12-2005,4.87,61.97,AZE,39
917,Cherey,Cordel,29,Female,12-01-1980,6.91,76.13,TUR,28
918,Ronni,Skeath,47,Female,19-05-1993,6.48,66.06,CZE,41
919,Minnnie,Jacomb,27,Female,01-07-2023,5.44,92.51,CRO,3
920,Delinda,Gaffney,62,Female,05-01-1977,4.33,67.26,KGZ,39
921,Lucian,Cuddon,50,Male,19-10-1982,4.98,86.67,TKM,19
922,Brady,Wilmore,41,Male,30-04-1929,6.32,78.74,KOR,28
923,Barth,Cradoc,49,Male,13-10-1990,5.79,59.64,ISL,22
924,Arlan,Minet,19,Male,14-03-1929,6.56,101.44,CZE,52
925,Ewen,Beevis,39,Transgender,03-10-1990,4.51,78.79,GUY,23
926,Eliza,Rummings,58,Female,08-04-2008,6.42,83.85,CHI,35
927,Lenard,Harme,39,Male,31-07-2004,5.51,86.57,URS,28
928,Ferdy,Latey,47,Male,14-06-1966,4.75,46.04,BER,51
929,Anissa,Mainston,45,Transgender,01-10-1926,5.79,83.41,URU,37
930,Shelba,Bowe,46,Female,29-10-1955,5.29,76.15,YUG,38
931,Marwin,MacConnal,45,Agender,12-09-2018,6.81,47.87,KOR,37
932,Poul,Pescod,40,Male,09-01-1927,4.45,66.91,NZL,60
933,Ailee,Bruyntjes,26,Female,11-10-1974,4.38,71.29,ANZ,24
934,Onofredo,Comins,56,Male,04-04-1910,4.04,52.4,ALB,38
935,Sheri,Todman,59,Female,14-08-2014,6.95,86.44,BUL,38
936,Auroora,Tatam,41,Female,09-08-1983,4.81,77.54,USA,29
937,Iago,Pursey,42,Male,24-07-1946,6.12,58.12,PER,43
938,Rey,Mowling,23,Male,18-12-1964,6.06,73.77,USA,28
939,Keelby,Cone,17,Male,18-02-1957,4.17,49.18,PER,41
940,Lionello,Sivills,48,Male,14-03-1998,6.91,77.2,YAR,28
941,Celina,Mithon,49,Female,19-06-2016,6.45,78.63,RSA,38
942,Vivien,Edmonston,44,Female,07-04-1989,5.48,98.15,GBS,25
943,Baxie,Gascard,50,Male,24-04-1937,4.2,72.91,GBS,34
944,Ebba,Bishell,18,Female,17-02-2018,4.53,54.29,MAL,24
945,Quintilla,Beesey,17,Female,22-10-1976,5.58,97.12,NRU,31
946,Yank,Calkin,24,Male,11-12-1970,4.97,76.62,ARU,43
947,Georgy,Ianiello,45,Male,30-03-1934,5.91,55.02,CHA,19
948,Edwin,Woods,40,Male,20-04-1919,5.97,47.04,CYP,6
949,Percy,Pontefract,53,Male,14-04-1954,5.17,103.49,LBR,17
950,Donnie,Dorber,43,Female,22-04-1904,4.55,101.46,ARM,8
951,Giavani,Kiloh,49,Male,12-10-1953,6.07,65.74,MHL,48
952,Rey,Garnsworthy,20,Male,07-01-1982,5.25,55.25,CHI,37
953,Jorey,Stirton,60,Female,31-01-2023,4.69,64.88,CAY,29
954,Winthrop,Swinburne,50,Male,21-04-1945,6.86,72.69,ANT,12
955,Britteny,Moukes,64,Female,20-04-1926,5.91,86.82,TAN,9
956,Anson,Hilary,29,Male,21-05-2002,5.47,93.22,AUT,19
957,Jonell,Babington,26,Female,03-12-1995,4.31,97.48,BAH,12
958,Quentin,Pietruszka,52,Male,04-12-2003,4.04,47.35,UAE,24
959,Jacqueline,Kinnach,39,Female,20-07-2012,4.49,53.37,TGA,59
960,Kaye,De Giovanni,62,Female,25-08-1947,6.7,77.18,GUY,44
961,Putnem,Wheeldon,39,Male,06-02-1956,6.22,70.87,GRE,52
962,Simonne,Gudyer,23,Female,12-08-1912,4.94,102.9,MAS,11
963,Farleigh,Provis,36,Male,04-06-1962,4.77,100.84,MEX,53
964,Rodie,McCandless,60,Female,25-02-1976,5.74,100.1,TOG,55
965,Riannon,Headly,47,Female,28-12-1943,5.79,54.51,GDR,8
966,Jeanie,Trunby,25,Female,15-09-1982,6.39,60.6,BRN,43
967,Ferdinanda,Gilphillan,27,Female,09-07-2014,5.35,91.9,CIV,33
968,Cher,Sommerlie,26,Female,03-03-1913,5.15,82.74,AUT,1
969,Ludwig,MacArthur,55,Male,12-09-1957,4.48,98.42,SRI,44
970,Verge,Bergstrand,59,Male,20-09-1984,4.02,58.41,ANG,11
971,Rayner,Gerran,45,Male,17-10-1984,5.48,98.06,BHU,17
972,Amara,O'Harney,35,Female,29-07-1930,6.5,52.06,SEN,30
973,Ethelbert,Posselt,36,Polygender,19-10-1960,4.98,96.89,SWE,27
974,Jacki,Genney,64,Female,02-02-1939,4.6,52.52,TUN,13
975,Ali,Swinglehurst,63,Transgender,14-10-2007,4.03,71.61,VIN,39
976,Lolly,McFadzean,31,Female,21-07-1906,4.82,103.27,UZB,36
977,Melantha,Bilney,23,Female,17-12-1961,4.62,90.36,ROC,56
978,Skylar,Morl,53,Male,20-02-1960,6.32,100.63,ALB,51
979,Alexander,Wastell,51,Male,18-02-1917,4.95,60.85,MKD,48
980,Marwin,Blodgett,55,Male,28-12-1975,4.33,88.19,BIH,36
981,Perry,Ebenezer,25,Female,24-03-2005,6.22,94.63,HAI,22
982,Marleen,Carnow,17,Female,09-06-2009,6.4,65.17,SMR,51
983,Sephira,McKearnen,58,Female,05-08-1986,5.32,77.43,GUY,40
984,Haskel,Cardenas,57,Female,30-04-1920,4.83,71.19,TTO,14
985,Chantalle,Ballston,64,Genderfluid,23-09-2010,4.22,72.98,TGA,56
986,Jerri,Blessed,28,Male,06-02-1940,5.35,97.17,EUN,27
987,John,Handrahan,65,Male,12-07-1993,4.96,80.49,NOR,55
988,Riobard,Shearsby,46,Male,05-07-1983,4.46,59.24,BUR,60
989,Callie,Polgreen,52,Female,25-12-1908,6.37,72.58,BEN,38
990,Stoddard,Court,60,Female,16-11-1986,4.86,87.96,SOM,23
991,Darlleen,Bagnall,40,Agender,28-09-1984,5.53,80.93,BAH,6
992,Konstantin,Jeavons,49,Male,05-03-1970,4.92,70.5,BIH,9
993,Renato,Gallemore,31,Male,17-03-1987,5.93,91.39,EOR,31
994,Hakeem,Ingleby,47,Male,10-03-1958,4.51,107.61,KAZ,25
995,Jamie,Ticehurst,36,Male,21-12-1931,6.31,50.26,BIH,33
996,Allard,Vassman,44,Male,14-01-2021,6.33,73.35,MAD,60
997,Sally,Ledekker,33,Female,10-01-1985,4.9,74.55,SKN,15
998,Rem,Winsley,25,Male,27-08-2002,5.85,86.51,CHA,7
999,Laurel,Haverty,20,Female,15-12-1955,4.23,105.65,LIE,42
1000,Binky,Sandland,33,Male,19-11-1973,5.48,107.91,NGR,26
