playerID,firstName,lastName,age,dob,height,weight,countryID,sportID
1,Edita,Furmonger,41,23-05-1923,6.29,83.43,CHA,33
2,Eberto,Castagnasso,36,03-08-1921,5.41,62.2,SLO,10
3,Luis,Sayer,39,29-04-1954,6.91,88.54,ROC,8
4,Nadia,Englishby,28,14-06-1971,4.16,108.4,ANT,17
5,Clarisse,Januszkiewicz,48,08-07-2000,5.83,71.41,PER,28
6,Caryl,Dowtry,29,21-06-1968,6.15,97.49,KOR,24
7,Emmanuel,Klein,37,13-12-1929,6.29,78.08,EOR,49
8,Shayne,Caddens,58,05-08-1955,4.27,74.75,CAY,58
9,Rod,Hynam,27,25-10-1967,5.71,48.87,SKN,16
10,Ardis,Birchill,61,11-11-1918,6.67,73.81,ALG,7
11,Brandy,Marklin,34,25-08-1991,6.66,63.68,VIN,37
12,Charyl,Nowill,39,11-01-1917,5.33,92.85,BDI,26
13,Anne,Willshere,37,02-12-1901,4.79,106.12,MLI,24
14,Naomi,Moggach,65,27-08-1968,6.85,72.6,PAR,13
15,Flemming,Peltzer,62,28-11-1920,4.13,73.42,POL,5
16,Zebulon,Lidierth,45,19-01-1947,4.8,97.52,BIZ,34
17,Lynnell,Yanele,63,28-09-1932,5.32,72.79,NGR,6
18,Cheri,Mirrlees,20,19-11-1950,6.16,79.28,ETH,34
19,Ches,McCrackan,24,08-08-1975,5.16,67.79,BLR,6
20,Xavier,Umpleby,48,24-09-1981,4.73,74.62,KOR,44
21,Cory,Backshaw,46,13-11-1950,5.12,48.28,KIR,17
22,Dael,Aleksandrev,48,07-12-1908,5.64,52.48,ASA,7
23,Abba,Pinchin,41,17-04-2000,6.4,108.63,BDI,20
24,Linea,Seedull,62,08-11-1977,5.43,66.6,JAM,49
25,Biddy,Haselwood,51,27-04-1976,5.41,75.62,TUR,6
26,Dwain,Quarless,46,20-10-1970,6.89,62.73,BAR,60
27,Byrom,Skepper,54,26-05-1923,4.32,66.22,DOM,35
28,Thedric,Goodfellowe,51,06-08-1992,4.78,82.63,IRI,31
29,Alejoa,Castillo,23,06-12-1944,6.98,79,JOR,10
30,Romonda,Croker,60,25-01-1966,4.92,65.64,SUR,25
31,Lyell,Iltchev,22,19-12-1954,6.84,91.16,CZE,2
32,Selina,Hanford,46,28-01-1960,5.39,67.39,YEM,30
33,Andy,De Bellis,46,25-04-1929,5.18,92.3,CHA,40
34,Lisbeth,Burchatt,55,15-10-1983,4.97,84.47,ANT,59
35,Jeffry,Fozard,44,19-04-1950,6.86,67.33,SAM,51
36,Valera,Castane,44,03-01-1978,5.55,106.14,CRT,44
37,Leonelle,Cooksley,26,07-06-1922,6.94,93.64,BIZ,45
38,Heidi,Thams,48,09-05-1955,5.56,48.08,BRU,36
39,Arnold,Bartolomeotti,56,09-11-1995,6.81,106.11,SAM,51
40,Pet,Syme,22,09-06-1923,6.34,80.44,STP,39
41,Carrol,Thompson,60,06-01-1928,6.19,106.92,NEP,7
42,Margit,Eldrett,58,17-01-1957,6.67,84.58,CRO,22
43,Milicent,Bantham,23,05-06-1946,6.7,108.89,GER,22
44,Marco,Wigglesworth,20,21-04-1905,6.93,57.25,BAR,23
45,Laetitia,Rosbotham,31,01-12-1955,4.46,58.56,CYP,46
46,Ray,Eastham,32,25-09-1983,4.48,73.64,TTO,45
47,Scarlett,Rolinson,47,23-01-1969,6.08,107.66,KAZ,24
48,Lea,Mesnard,52,21-04-1907,4.69,104.1,GDR,25
49,Andres,Hise,34,06-07-1996,5.14,106.96,RWA,5
50,Kerr,Arnaldo,30,10-04-1979,6.06,62.53,BHU,3
51,Eilis,Norcott,40,01-05-1938,6.58,79.22,NZL,15
52,Willey,Dzenisenka,38,24-02-1988,4.98,71.95,GHA,11
53,Cassie,Lattimore,50,31-05-1905,6.87,94.25,MAW,24
54,Candis,Andren,44,28-06-1908,4.37,72.54,NAM,5
55,Holly,Ponter,45,23-09-1991,6.26,61.91,SKN,39
56,Wylie,Smallpeice,51,03-02-1999,4.59,83.44,GDR,41
57,Cherice,Jorioz,47,01-05-1919,6.89,89.17,SVK,6
58,Ilka,Newborn,63,27-02-1915,5.82,69.94,TCH,6
59,Courtnay,Austick,59,21-03-2000,4.39,101.49,VNM,36
60,Cati,Blease,24,28-03-1993,5.27,83.73,SAM,24
61,Geralda,Abell,59,21-08-1943,6.48,98.5,YEM,34
62,Norah,Drew-Clifton,45,06-02-1927,5.89,64.92,CRO,56
63,Nobie,Dallender,29,01-07-1944,4.56,54.59,LBA,45
64,Alric,Minchinden,52,18-02-1914,4.07,93.22,DEN,1
65,Myrtie,Danilov,52,14-07-1920,6.27,95.34,BOL,7
66,Gareth,Dunphy,35,05-04-1976,5.81,75.04,LAT,12
67,Prisca,Cullington,65,09-01-1940,4.66,92.32,GRN,34
68,Katuscha,Fatkin,18,05-09-1928,6.89,91.94,COD,37
69,Gertrud,Yven,22,06-05-1979,6.05,90.17,RUS,57
70,Melodee,Washbrook,22,01-01-1906,5.23,80.84,MNE,34
71,Gert,Corwood,44,27-02-1905,6.85,59.28,BUL,3
72,Sadye,Foxworthy,20,21-06-1918,4.12,74.45,FIN,34
73,Angele,Townend,56,20-01-1908,5.73,51.97,COR,40
74,Shirline,McTear,26,25-06-1973,5.22,100.15,CGO,60
75,Tiffanie,Pestricke,31,17-05-1975,5.17,92.51,GER,47
76,Skylar,Blockley,64,15-04-1915,6.81,108.02,BEL,15
77,Dilan,Dorran,42,18-04-1985,4.69,61.98,INA,1
78,Blayne,Bendelow,30,27-05-1957,6,106.26,SUI,4
79,Leigh,Leadley,32,15-10-1937,5,106.22,UGA,29
80,Olwen,Lutsch,31,26-07-1910,5.19,104.8,PNG,29
81,Maxie,Werner,48,03-07-1963,5.03,108.8,MYA,18
82,Ester,Jillings,49,12-06-1965,6.37,66.87,SRI,23
83,Granger,Mc Faul,57,30-04-1959,4.1,95.75,MDA,44
84,Manolo,Savile,62,17-02-1937,6.62,108.17,CRC,6
85,Lennard,Aldersey,29,19-04-1961,5.81,51.99,CMR,19
86,Baxter,Weber,33,04-04-1985,6.07,91.87,NBO,26
87,Tallulah,Armin,58,11-01-1943,4.32,53,ERI,24
88,Andrej,Cordsen,62,17-11-1939,5.41,66.37,LES,14
89,Andee,Haughton,57,22-02-1918,4.24,93.1,SLO,4
90,Tann,Jebb,54,01-04-1975,4.8,101.53,GUM,10
91,Tera,Stoak,33,07-11-1934,6.12,81.67,SGP,38
92,Fanchette,Aldwinckle,40,05-04-1987,4.23,56.3,MEX,21
93,Ulberto,Lafontaine,43,03-08-1997,4.35,51.7,JOR,48
94,Christye,Andrez,40,20-02-1967,5.67,85.05,NBO,44
95,Durant,Baythorp,37,03-06-1992,6.14,62.56,CGO,32
96,Willy,Zamorano,26,20-12-1950,6.62,51.19,FSM,5
97,Lusa,Donan,50,12-04-1902,5.24,109.43,ALG,16
98,Kaleena,Moraleda,61,06-09-1928,6.47,66.57,BRU,4
99,Caria,Nolan,61,17-12-1914,4.36,88.66,URU,15
100,Brittan,Woodroof,19,24-02-1939,4.78,81.93,MTN,36
101,Hillary,Backshall,19,16-12-1906,6.62,89.9,BDI,9
102,Bail,Cronkshaw,23,25-04-1955,6.41,81.19,MAW,33
103,Maura,Shaudfurth,44,17-05-1915,4.62,89.88,SRI,31
104,Jessika,Boost,21,23-10-1924,4.79,99.01,ESA,3
105,Ginnifer,Peaple,48,13-11-1986,4.12,108.74,GRE,49
106,Abdel,Bernardini,43,16-02-1929,5.89,60,MAS,4
107,Saxe,Dower,34,15-09-1910,6.16,92.62,UAE,44
108,Kylen,Mackney,45,15-05-1957,6.24,54.83,BOT,52
109,Nissy,Keniwell,19,26-08-1971,5.85,90.39,AUT,46
110,Yoshiko,Rubica,22,22-01-1968,6.56,61.44,SGP,34
111,Renell,Porteous,44,10-05-1946,4.09,75.64,PNG,37
112,Edyth,Northedge,65,18-09-1914,6.59,81.41,QAT,44
113,Benedick,Clyburn,25,09-02-1948,6.73,49.47,IRI,44
114,Kaila,Stiant,45,05-07-1985,4.73,68.85,CAY,16
115,Gwynne,D'Oyly,44,08-12-1928,5.98,100.47,SUD,39
116,Sue,Insall,26,16-09-1992,5.5,96.52,SGP,11
117,Maynord,Gostling,24,24-02-1906,5.18,53.33,URU,9
118,Patrick,Bussons,61,30-04-1986,5.24,88.39,KSA,30
119,Gertrud,Jore,57,23-04-1993,4.26,54.7,GRE,52
120,Sean,Worssam,46,07-04-1992,5.53,85.73,LTU,20
121,Tera,Glacken,57,19-12-1924,5.34,83.96,BLR,40
122,Miquela,Murrey,28,11-12-1914,5.41,87.61,ISR,55
123,Uriel,Kerne,45,23-10-1908,6.23,99.47,MEX,7
124,Junette,Braker,46,15-01-1991,5.8,58.18,BAR,6
125,Hillie,Eallis,43,11-04-1992,5.07,101.03,IRI,3
126,Elwira,Culwen,38,04-02-1980,5.74,51.29,WIF,58
127,Alvis,Turpie,55,02-11-1964,5.96,95.44,GAM,38
128,Xaviera,Fransman,26,15-08-1948,6.18,71.97,CIV,12
129,Perice,Monier,45,12-06-1901,4.33,98.5,VIN,55
130,Glynis,Ivantsov,20,26-10-1902,6.58,57.59,ANG,18
131,Evelyn,Yeaman,63,22-08-1919,4.48,96.13,MAD,50
132,Estelle,Larman,20,03-05-1900,6.9,105.42,KUW,1
133,Serge,Vaan,40,12-09-1970,6.73,76.28,GDR,10
134,Pennie,Hebbard,57,03-07-1904,5.2,103.64,NEP,26
135,Debbi,Bright,48,09-02-1955,6.95,66.77,KAZ,35
136,Mendie,Boggas,28,28-10-1976,4.13,60.14,ARU,27
137,Arney,Thursfield,52,20-06-1938,5.19,108.68,ISR,42
138,Judie,Benham,56,11-10-1984,6.84,67.39,MAR,14
139,Antonius,Morman,53,20-08-1941,5.14,84.85,UNK,21
140,Garek,Pfaff,18,21-11-1959,5.33,65,MYA,17
141,Tonnie,Motto,33,26-08-1946,6.01,64.8,SUR,4
142,Albie,Mityushin,64,12-09-1912,4.88,71.59,MAS,39
143,Merrilee,Colenutt,43,02-08-1935,4.16,108,GEQ,52
144,Wilmette,Spiteri,54,07-12-1953,4.83,68.77,CUB,24
145,Lucais,Kilcoyne,29,04-04-1987,6.61,102.38,STP,56
146,Grace,Larking,43,13-11-1918,6.43,79.81,CHA,31
147,Pincas,Bartolomeoni,25,16-10-1968,6.01,91.03,SUR,8
148,Aloise,Vearncomb,53,17-10-1925,6.91,53.48,YEM,41
149,Alessandra,Riccioppo,45,10-05-1933,6.38,93.42,BUR,7
150,Alana,McGraw,34,21-04-1934,4.31,53.51,ZAM,49
151,Freddie,Musicka,50,04-06-1907,5.87,69.05,SGP,30
152,Chucho,Josefer,56,21-09-1941,6.06,68.21,YEM,41
153,Nils,Duffrie,53,25-05-1910,4.81,78.2,LUX,1
154,Joell,Clewes,54,11-03-1973,6.38,85.53,BRU,53
155,Cassaundra,Lortz,23,29-08-1994,4.57,93.09,FRG,28
156,Othelia,Denisevich,55,11-05-1977,5.44,53.4,BAR,2
157,Ephraim,Wilkins,53,09-05-1905,5.23,66.29,JAM,11
158,Darb,Killelay,34,19-01-1924,5.31,75.69,PAR,4
159,Basilius,Golde,53,08-08-1971,5.57,63.74,NAM,43
160,Jerad,Fulop,43,10-10-1969,6.48,54.05,PNG,39
161,Georgena,Pache,36,30-11-1910,4.1,105.46,ARG,49
162,Devora,Coppins,43,13-02-1916,5.1,90.77,AZE,14
163,Harcourt,Duns,42,20-05-1993,6.81,66.59,BHU,18
164,Katya,Surmeyers,18,14-05-1974,4.44,102.48,SLE,48
165,Giacinta,Filipputti,63,25-09-1958,6.05,101,YEM,14
166,Decca,Parman,52,02-10-1914,5.51,76.54,JOR,46
167,Bob,Evequot,39,26-11-1914,5.91,82.86,KSA,47
168,Richmound,Kirdsch,44,24-01-1907,4.19,109.47,CIV,35
169,Bonny,Lambdean,56,18-08-1910,4.96,59.53,SVK,56
170,Kyrstin,Klaessen,41,02-03-1996,4.58,103.31,BOL,26
171,Kimberlee,Reyne,36,10-08-1954,6.88,101.95,FSM,9
172,Henriette,Ridgewell,57,23-10-1932,5.11,69.53,UNK,53
173,Con,Maun,51,07-06-1983,6.91,80.66,ANZ,18
174,Terence,Frunks,37,03-08-1981,6.15,70.01,LBA,11
175,Bunny,Tidball,55,13-08-1964,6.7,94.02,DMA,15
176,Kris,Shelp,42,27-08-1945,6.21,73.66,GEO,55
177,Creight,Grimsdike,60,20-02-1919,6.61,99.68,NEP,42
178,Hayley,Deniseau,30,29-11-1917,5.35,73.54,GBS,44
179,Gracia,MacLice,46,22-02-1994,4.64,86.85,SUI,26
180,Kaile,Schuster,57,17-01-1986,4.09,82.19,PER,26
181,Pace,Mc Elory,59,04-03-1965,6.09,100.47,LAT,13
182,Beryle,Chaffen,30,01-06-1949,6.64,108.86,UAR,41
183,Hollyanne,Messom,63,04-04-1941,5.92,59.04,SYR,1
184,Wendi,Nucciotti,24,24-07-1961,5.26,51.13,UGA,4
185,Kania,McKean,53,12-02-1929,5.02,62.86,PNG,49
186,Kerr,Cason,62,27-02-1929,6.41,67.04,ERI,32
187,Bonnie,Ainscough,45,19-07-1922,6.27,57.43,EGY,38
188,Nico,Domini,22,05-11-1988,4.29,87.97,SYR,25
189,Drucy,Frankis,60,27-01-1946,6.66,77.61,BDI,12
190,Fayette,McKiddin,51,20-07-1954,5.39,53.75,SUR,50
191,Theressa,Mion,44,09-04-1998,6.56,78.46,YAR,3
192,Nate,Waterstone,34,07-04-1989,5.39,69.9,YUG,38
193,Korry,Farmar,56,14-07-1991,6.71,68.46,CHA,24
194,Augustine,Mogford,60,08-01-1914,4.56,60.25,PNG,45
195,Worden,Smallpeice,42,11-08-1914,6.69,103.9,DMA,33
196,Catarina,Grainger,39,28-03-1976,6.88,107.39,ITA,8
197,Teresa,Covolini,64,06-11-1904,4.42,49.14,SSD,30
198,Tobe,Roz,32,11-06-1993,5.4,49.91,AHO,58
199,Gayle,Fermin,60,15-04-1998,6.94,83.29,IND,13
200,Adele,Jamme,41,15-05-1948,6.34,83.13,FIN,54
201,Ashien,Baskett,27,23-07-1994,5.24,54,ROC,54
202,Willdon,Searson,59,22-07-1930,5.11,82.41,CHA,33
203,Granger,Garlant,26,26-09-1959,5.73,48.65,PLW,14
204,Biron,Pancost,48,10-01-1980,5.31,66.17,SUD,25
205,Kordula,Jacquet,52,24-07-1960,5.64,61.72,SUR,5
206,Chloe,Folshom,51,10-12-1959,6.65,62.69,PER,39
207,Benny,McCallister,18,30-12-1962,6.45,103.26,YMD,59
208,Rochella,Pollock,37,26-06-1911,6.73,62.37,PER,2
209,Ethelyn,Johansen,32,02-04-1957,6.32,62.17,PRK,30
210,Giovanna,Coley,54,18-05-1986,5.68,67,SKN,35
211,Garner,Henrique,37,08-12-1920,6.5,48.68,MIX,56
212,Jilli,Clowney,57,12-06-1939,6.1,63.85,AUS,2
213,Gabi,Emer,45,27-05-1970,6.45,55.23,ANT,36
214,Konstance,Kiezler,29,09-03-1900,4.23,54.25,SLE,60
215,Maritsa,Bartosinski,20,24-04-1915,4.49,93.06,ALB,51
216,Twila,Bursnoll,33,08-01-1989,4.28,69.66,MAL,11
217,Louisa,MacBain,58,01-04-1922,5.17,58,SYR,6
218,Mitch,Meynell,43,08-01-1999,6.01,48.22,OMA,9
219,Giffer,Skettles,34,25-04-1902,6.14,68.25,MNE,46
220,Hildegaard,Canet,30,26-10-1946,6.6,88.9,GUY,8
221,Marie-jeanne,Nelane,44,10-06-1936,4.97,102.16,SSD,32
222,Olenolin,Mundy,60,01-08-1952,6.18,108.61,IOA,21
223,Holly-anne,Dukelow,55,11-07-1952,5.95,62.28,TOG,41
224,Celinka,Ragate,55,11-02-1992,6.06,88.13,AFG,1
225,Erminie,Paling,24,27-12-1939,5.56,86.23,BEL,51
226,Hasheem,Brassington,30,12-02-1908,5.75,86.32,CMR,8
227,Obie,Clewley,33,16-06-1900,6.23,90.46,UKR,12
228,Wallache,Gallehawk,52,22-06-1929,5.55,72.17,ROU,17
229,Cherri,Torrans,37,14-09-1982,5.26,78.75,TOG,2
230,Frederich,Abelwhite,26,05-10-1907,6.65,75.64,CRO,38
231,Udell,McCleverty,40,25-07-1936,5.89,66.95,CAF,47
232,Carlyn,Chardin,57,26-09-1930,6.46,69.57,AND,4
233,Rafaela,Coxwell,18,25-11-1966,4.49,73.86,GER,33
234,Jodie,Rosewall,44,18-06-1989,5.59,65.9,SYR,2
235,Jyoti,Beedell,34,13-08-1941,5.02,57.33,CRO,6
236,Dan,Saggs,35,08-12-1955,6.94,96.25,AHO,52
237,Hyacinthia,Blazewski,51,02-04-1918,4.07,60.95,MEX,52
238,Culver,McCluskey,22,28-02-1995,4.94,76.48,ESP,37
239,Othilie,Gunter,30,31-12-1986,5.57,60.76,GAB,11
240,Chan,Astbury,58,28-11-1995,6.78,89.89,SUI,45
241,Oona,Cutts,56,24-05-1915,6.71,53.74,BAH,9
242,Maridel,Caldeiro,26,20-07-1903,4.66,82.84,MON,16
243,Webb,Schneidar,42,28-05-1935,5.13,68.64,SOM,23
244,Dorry,Baroch,32,24-06-1916,5.27,59.96,AND,17
245,Margalit,Gillbey,25,22-09-1944,6.44,56.89,GEO,47
246,Stanwood,Addicote,26,09-12-1964,4.72,74.41,DMA,48
247,Eddi,Robertsen,29,13-03-1931,4.77,84.85,DMA,8
248,Carmina,Kleynen,51,27-05-1931,5.84,98.04,KEN,51
249,Laura,Walder,21,30-03-1967,6.17,57.52,TUV,4
250,Ashlie,Stife,41,29-01-1969,6.2,56.14,LCA,25
251,Ernie,Shufflebotham,25,20-07-1997,5.32,48.29,ANG,58
252,Xenia,Mulhall,62,06-03-1974,5.87,54.43,RWA,59
253,Paulette,Triggle,52,10-12-1909,4.04,75.63,UKR,57
254,Kenneth,Louder,64,12-10-1971,5.24,80.48,BRU,28
255,Cointon,Bedell,31,20-07-1935,4.72,54.72,BRU,27
256,Hayes,Perrie,45,26-12-1912,4.31,76.67,TTO,4
257,Jaymie,Lowther,52,08-12-1971,4.29,93.13,MKD,56
258,Ronnie,Hanscome,25,10-02-1952,5.12,86.78,KEN,12
259,Judye,Hovenden,37,05-10-1971,5.12,103.55,LES,16
260,Jessee,Etridge,63,02-08-1976,6.43,73.16,MLT,46
261,Hadria,Leaton,40,25-09-1986,6.32,106.2,SRB,50
262,Cooper,Mattsson,32,01-02-1951,6.35,78.31,DOM,37
263,Quinn,Skeates,63,11-08-1981,5.14,106.49,IOA,35
264,Debby,Anfosso,45,21-05-1987,5.42,82.62,NFL,39
265,Ange,Webland,51,10-06-1957,6.71,63.41,NED,1
266,Adelice,Maddern,29,24-03-1944,6.63,54.42,VIN,45
267,Elsbeth,Paxman,35,14-03-1975,4.98,76.2,CAY,18
268,Hanson,Itter,63,21-11-1970,4.56,82.35,WIF,27
269,Kaylyn,Tattersill,45,19-08-1950,5.95,54.5,PNG,21
270,Karyn,Grimes,45,26-04-1983,6.01,106.69,CHN,11
271,Callida,Simao,35,31-01-1908,4.82,49.03,KOS,47
272,Rosa,Broxap,60,18-02-1946,4.15,91.94,FRG,59
273,Franny,John,51,12-04-1916,4.55,105.71,AUT,9
274,Beltran,Schottli,18,23-08-1925,5.71,77.52,SSD,35
275,Nani,Gonneau,28,01-06-1910,6.88,65.68,NIG,25
276,Arnoldo,Mathison,27,30-03-1949,6.63,99.75,GAB,15
277,Kenn,Calam,28,11-02-1998,6.15,52.91,CUB,15
278,Ernesto,Fernez,40,02-06-1950,5.93,107.7,POL,5
279,Giffard,Wearne,36,26-04-1926,4.71,55.04,BAH,1
280,Bonni,Village,35,17-08-1991,5.98,98.53,KOS,12
281,Julie,Reynalds,41,07-08-1934,4.88,85.69,PLE,34
282,Guglielmo,MacGorley,26,31-01-1911,4.62,87.92,COD,49
283,Cleve,Speer,30,07-12-1920,5.81,53.39,PLW,31
284,Jeniffer,Eden,30,18-08-1915,4.15,89.02,LIE,21
285,Margarita,Breyt,63,10-10-1944,5.1,104.06,ISV,47
286,Brina,Cudbird,34,18-02-1913,4.89,100.52,UZB,43
287,Findley,Merle,49,09-11-1989,5.65,53.67,LES,59
288,Delila,Dunridge,28,19-03-1983,4.78,93.27,UKR,38
289,Silvano,Scyner,47,23-11-1919,4.2,54.47,RUS,58
290,Rebekah,Coultard,19,04-08-1942,6.96,76.66,BOT,35
291,Garrek,Varran,64,03-02-1983,4.26,75.27,SYR,38
292,Ginger,Mordan,38,06-03-1929,4.33,105.59,STP,49
293,Yolanda,Tewkesberrie,56,02-03-1941,5.14,92.89,UAE,2
294,Valaree,Mouan,48,21-03-1995,6.77,89.38,UAE,41
295,Querida,Burns,56,11-05-1953,4.11,98.75,NIG,22
296,Albrecht,Thorpe,40,29-10-1915,4.51,108.62,HAI,58
297,Lisa,Wateridge,43,20-12-1928,6.57,80.17,ITA,24
298,Currie,Moden,21,08-04-1974,6.83,88.29,CPV,25
299,Wilhelmine,Rangall,54,17-05-1942,4.99,90.55,TTO,54
300,Christos,Pettifer,58,21-01-1952,5.9,60.5,VIN,15
301,Quint,Gouldstraw,18,27-04-1967,5.69,65.62,SYR,28
302,Inglis,Attow,50,11-03-1977,5.36,95.65,SGP,26
303,Gherardo,Barbe,49,14-08-1902,5.38,98.72,NRU,24
304,Ann-marie,Edlin,43,19-09-1965,5.03,83.03,PUR,52
305,Rainer,Goch,64,18-12-1931,6.39,74.41,ESP,34
306,Gerick,Wike,61,21-08-1973,4.04,55.7,MLI,51
307,Stacy,Cicconetti,50,06-09-1967,5.63,83.11,SCG,56
308,Noelyn,Surmon,53,30-12-1988,6.16,86.47,NIG,28
309,Cori,Spybey,43,12-04-1934,5.51,86.32,BOT,20
310,Rolph,Rickert,51,11-02-1921,6.09,62.05,SOL,1
311,Arlette,Esmonde,44,23-10-1918,4.42,52.99,UKR,1
312,Bambie,Allmark,23,05-07-1982,6.95,86.07,KIR,6
313,Anastasia,Body,54,28-05-1923,5.16,97.14,ROC,22
314,Tull,Tollerfield,63,25-08-1920,5.68,98.85,VEN,53
315,Issy,Raiston,38,16-04-1936,6.72,103.6,SEN,27
316,Leora,Cremen,34,17-08-1903,6.56,99.74,KGZ,27
317,Marga,Schwaiger,45,23-05-1902,4.7,87.97,MDA,16
318,Prue,Yelding,62,25-04-1969,4.16,104.03,AFG,39
319,Tally,Brunon,28,05-06-1938,6.99,76.8,GUY,47
320,Kathi,Crosbie,60,22-10-1961,6.83,60.75,SOM,8
321,Terrie,Meggison,19,03-09-1970,5.78,77.28,THA,12
322,Suzie,Birchett,57,01-09-1923,4.35,102.69,GRN,7
323,Cordie,Robbey,26,16-08-1925,6.78,79.2,COM,33
324,Meaghan,Garden,39,25-12-1925,4.95,81.4,LBR,2
325,Lisha,Lilie,60,10-11-1953,4.07,76.76,TUV,27
326,Constantino,Butchers,52,20-06-1930,5.08,68.18,MDV,21
327,Diandra,Treadwell,40,25-10-1960,4.82,93.82,MOZ,8
328,Garvin,Bromwich,65,16-01-1972,6.51,54.37,ANG,29
329,Aloisia,Kerbler,22,06-03-1969,5.94,70.17,GRN,58
330,Hayes,Tugman,58,18-02-1955,6.16,72.58,UNK,25
331,Lettie,Maro,50,04-01-2000,5.61,105.11,MAL,52
332,Giovanna,Barter,65,25-03-1986,5.95,84.19,PAR,52
333,Boniface,Dionis,50,13-03-1976,6.82,107.11,SOM,8
334,Danny,Cohrs,38,28-04-1994,5.31,59.86,ASA,5
335,Coral,Lamacraft,50,17-01-1987,6.47,94.32,SSD,47
336,Clem,Caldera,40,27-04-1909,5.17,58.51,HAI,22
337,Harald,Le Port,26,05-01-1969,6.78,53.34,ZIM,12
338,Niel,Giacovetti,32,25-04-1983,5.98,80.85,GBR,7
339,Sancho,Leeke,57,30-09-1939,6.08,88.15,GBS,23
340,Rob,Weald,38,25-03-1944,5.88,102.56,BRN,10
341,Amata,Wiper,36,10-09-1945,4.71,104.62,IOA,12
342,Rosie,Clerc,44,31-12-1907,4.5,73.59,FIJ,44
343,Josee,Chatin,52,26-11-1929,5.81,58.44,LAO,49
344,Cathleen,Garforth,61,11-01-1962,4.11,88.55,SKN,38
345,Simonette,Cutchie,32,24-06-1908,6.54,68.91,ASA,23
346,Reeba,Charteris,53,20-10-1939,6.17,108.28,RWA,27
347,Batsheva,Edinburough,58,23-11-1984,4.09,78.01,CPV,51
348,Gussi,Manus,36,30-04-1947,4.58,79.67,CAY,36
349,Ninette,Mackley,40,20-02-1920,5.58,107.56,AHO,13
350,Caralie,Scroxton,56,06-04-1961,5.34,103.87,PER,37
351,Chariot,McCarlich,63,28-02-1958,6.48,85.19,HKG,25
352,Beale,Geeraert,54,20-06-1999,5.03,101.85,DJI,59
353,Wendall,Whiting,25,05-07-1945,4.58,57.04,UAE,52
354,Harli,Kubas,49,02-06-1905,5.37,68.28,NOR,11
355,Toiboid,Rowena,34,17-07-1946,4.44,75.58,BUR,8
356,Layney,Dugget,53,06-08-1985,4.52,56.71,CHI,18
357,Bryce,Verryan,54,03-06-1913,4.45,95.83,YEM,44
358,Nickie,Abramowitch,18,19-06-1956,4.71,85.58,UAR,40
359,Myrle,Keer,40,10-07-1974,4.5,76.17,GAM,10
360,Ario,Martina,19,30-07-1937,4.57,92.74,VAN,14
361,Hobey,Sifleet,48,16-04-1996,4.83,107.3,SAA,25
362,Sianna,Roark,58,01-04-1900,6.72,49.75,TGA,24
363,Marcellina,Ferreres,23,19-05-1949,4.75,75.51,CHA,11
364,Levy,Sea,26,19-11-1965,5.82,64.32,URU,5
365,Rex,Ruddlesden,54,09-12-1945,4.59,54.9,NZL,3
366,Brand,Goldbourn,30,21-03-1980,5.54,87.81,IRI,46
367,Carolynn,Ashenhurst,49,16-12-1921,5.49,84.97,NAM,16
368,Conrade,Issac,39,11-02-1922,6.87,82.88,HUN,57
369,Aubert,Radenhurst,39,01-12-1974,6.1,66.68,ZAM,17
370,Martino,L'oiseau,37,07-12-1906,6.28,80.04,IRQ,4
371,Benny,Hanwell,28,22-04-1983,4.74,73.8,URU,39
372,Isa,Vossgen,48,17-11-1909,4.13,64.65,DMA,48
373,Caren,Candey,31,26-09-1936,6.92,87.95,SWZ,44
374,Dene,Yurinov,34,10-03-1920,4.56,81.08,MHL,30
375,Quintus,Eyre,26,10-04-1945,6.86,107.73,SSD,27
376,Lind,Fillis,30,10-11-1982,5.11,50.79,BRN,40
377,Linus,Gulleford,34,05-09-1909,4.02,68.39,ARM,41
378,Osmund,Batrip,26,16-05-1950,6.95,87.75,SOM,38
379,Brier,Berge,53,20-06-1959,6.36,64.74,POR,36
380,Shea,Pollendine,62,06-07-1975,6.83,55.52,JPN,28
381,Clemence,Coultish,64,27-12-1976,5.91,101.3,ECU,55
382,Rich,Akester,27,17-04-1987,4.2,107.89,PAN,56
383,Keriann,Leyman,28,16-01-1926,5.94,95.77,DEN,5
384,Leena,Kowalski,22,01-06-1917,4.76,55.94,PRK,18
385,Johny,Greschik,31,10-01-1971,4,80.64,CMR,41
386,Giulia,Sterricker,43,20-07-1982,5.79,61.61,VEN,24
387,Luisa,Labba,53,23-03-1957,6.36,52.9,SRB,9
388,Robinetta,Kirkup,18,05-09-1930,4.82,82.09,SRB,47
389,Roland,Santino,38,13-06-1959,4.46,53.35,ANZ,13
390,Stanislas,Snaddin,21,09-09-1917,6.21,53.17,MAS,42
391,Loria,Callery,55,21-06-1983,4.13,65.37,SSD,18
392,Maurice,Ferraro,44,08-11-1977,4.17,106.39,INA,40
393,Cassondra,Yurivtsev,47,10-12-1928,6.42,70.96,OMA,8
394,Muhammad,Danet,30,09-12-1919,5.05,103.36,LBA,5
395,Rex,Eynaud,44,09-05-1946,6.82,93.36,GUI,43
396,Chiarra,Eliesco,42,18-04-1913,6.65,94.54,SWE,1
397,Rob,Haggett,62,04-05-1953,4.25,84.5,SAM,24
398,Ivette,Di Iorio,18,05-10-1947,4.05,53.61,GEQ,27
399,Ramsay,Seawell,24,03-04-1964,6.57,85.09,NRU,53
400,Martguerita,Searchfield,38,21-02-1957,4.82,52.95,DJI,11
401,Carlene,Albert,22,14-09-2000,5.05,89.47,ROC,27
402,Kristos,Dyson,20,20-05-1929,4.51,83.43,TCH,60
403,Marchelle,Pietruszka,45,21-06-1947,5.68,57.03,ITA,13
404,Leilah,Srutton,22,26-03-1957,4.27,106.66,ESA,47
405,Tarrah,Purkins,54,19-07-1995,5.34,68.13,BOL,6
406,Anatole,Mettricke,60,07-11-1961,4.36,52.77,MLT,59
407,Arabelle,Vickarman,60,26-01-1992,5.71,90.34,FRA,23
408,Cari,Stoodale,64,04-08-1981,5.37,62.09,MAS,60
409,Lise,Marcombe,21,29-05-1915,6.94,80.07,NIG,20
410,Tris,McKinlay,27,26-10-1926,5.19,85.56,PHI,20
411,Gaylord,Collip,49,20-07-1974,5.14,77.35,BAH,58
412,Clerissa,Whitman,53,21-11-1925,6.05,59.3,PHI,9
413,Linnet,Dollman,52,31-07-1976,5.74,67.83,TJK,54
414,Seana,Carmel,60,27-07-1961,5.76,56.54,POL,5
415,Kelvin,Ginsie,63,18-07-1982,5.53,107.98,JOR,38
416,Ryann,Titchard,28,03-07-1923,5.24,50.83,COL,16
417,Jennilee,Pietesch,40,01-06-1900,6.03,91.61,SKN,28
418,Katharyn,Wagerfield,45,02-05-1947,4.71,61.39,KOR,30
419,Bobbette,Pankethman,51,11-02-1996,5.08,64.84,OMA,50
420,Penny,Lukock,64,13-03-1974,5.03,79.58,ZAM,27
421,Barnabas,Cammell,34,09-04-1956,4.23,94.72,HUN,41
422,Drusi,Demonge,48,10-07-1939,4.23,98.06,LAT,18
423,Harbert,Jovanovic,61,05-06-1929,5.72,59.94,YEM,31
424,Marion,Lynam,32,06-03-1986,6.95,105.71,SVK,42
425,Michal,Hause,18,05-07-1986,5.26,84.62,HON,7
426,Gordy,Tansill,43,26-07-1969,5.46,63.8,HKG,41
427,Cordie,Braid,48,08-11-1908,5.99,60.07,TUR,26
428,Pancho,Gagie,27,18-11-1935,4.06,106.23,SKN,11
429,Angelita,Leys,27,26-12-1962,5.47,48.27,PUR,50
430,Nat,Buttrum,46,04-08-1923,5.69,59,CAF,25
431,Kelcey,Duddin,54,30-07-1979,6.03,92.88,SMR,8
432,Eran,Lux,28,28-04-1909,4.72,109.98,CRT,18
433,Devin,Askwith,28,07-07-1976,6.34,89.56,MEX,48
434,Starr,Malkinson,31,03-06-1947,6.27,74.5,ZIM,9
435,Neila,Harker,46,19-08-1985,4.26,60.01,FIJ,55
436,Gay,Willimott,65,25-06-1975,6.68,58.92,PAK,28
437,Cole,Tembridge,62,24-07-1931,6.73,75.89,YMD,4
438,Shannah,Snell,45,08-08-1910,6.74,66.58,AUT,5
439,Allis,Dudley,53,30-05-1908,5.11,89.42,ISV,22
440,Raff,Vale,44,18-06-1934,5.86,107.63,LUX,7
441,Lindy,Cursons,18,24-06-1944,4.72,67.85,TJK,7
442,Terrye,Paddingdon,20,15-02-1906,4.33,89.5,GHA,53
443,Ricky,Ozintsev,23,08-07-1928,5.25,63.62,CAF,59
444,Fraser,Cusiter,26,06-04-1934,6.22,54.87,CGO,6
445,Stirling,Jentle,43,07-04-1992,6.81,48.13,SVK,17
446,Jacob,Rand,31,30-03-1986,6.21,83.25,SYR,58
447,Federico,Basezzi,43,19-07-1999,5.79,73.32,SGP,42
448,Larine,Maypes,53,24-01-1915,5.21,105.1,VEN,5
449,Shaylah,Basso,59,08-08-1946,4.34,64.14,URU,40
450,Maurine,Conradsen,22,16-07-1911,5.09,84.7,SUR,1
451,Vivian,Letch,32,26-06-1909,6.99,58.29,FSM,48
452,Laureen,Milius,53,29-06-1934,4.72,58.43,LES,29
453,Diane-marie,Roscam,50,02-06-1983,6.47,104.98,MAS,6
454,Roderigo,Welfare,30,26-10-1926,6.8,60.93,CYP,31
455,Cyb,Fritchly,47,27-03-1946,5.63,82.14,TAN,34
456,Rubie,Kings,51,24-07-1953,4.2,78.85,PRK,35
457,Garey,Daine,63,10-08-1985,5.04,66.88,NZL,17
458,Clevey,Whytock,50,04-11-1950,5.91,108.86,GAB,21
459,Rhody,Duns,44,18-11-1975,4.48,93.39,GEO,23
460,Curtis,Howgate,43,09-10-1957,6.54,63.39,MLI,26
461,Maisey,Coursor,49,01-05-1933,5.08,90.48,FRG,11
462,Sandy,Bullen,35,06-10-1989,4.25,49.47,UGA,11
463,Kirk,Farmiloe,18,06-07-1963,6.79,84.1,FRA,49
464,Pierce,Rodgman,19,11-04-1967,4.02,92,AUS,47
465,Linnea,Hicken,28,17-09-1954,6.49,88.37,ANZ,18
466,Jeanette,Kendrew,23,29-08-1912,5.03,108.48,CZE,50
467,Sophronia,Truitt,33,05-07-1961,5.8,68.59,TKM,15
468,Mireielle,MacFaul,34,14-05-1977,5.26,75.7,HKG,5
469,Eadmund,Cawsby,39,05-09-1908,4.49,107.65,AND,26
470,Shane,Askam,43,20-03-1965,5.83,61.68,BUL,44
471,Jacki,Heavy,20,07-09-1962,5,50.01,GDR,13
472,Odille,McLugish,23,03-10-1906,5.51,66.62,YUG,15
473,Ara,Fitzsimons,54,27-08-1977,6.06,73.54,CRO,44
474,Gun,Marran,56,22-07-1918,6.31,86.99,TAN,53
475,Toddie,Hiland,63,05-08-1913,4.72,90.67,CHI,4
476,Prescott,Klasing,54,03-07-1995,6.1,66.27,MEX,15
477,Suki,Kristoffersson,40,08-06-1969,5.25,93.8,SWZ,24
478,Kris,Bastistini,21,31-01-1943,6.8,91.02,CPV,34
479,Patsy,Melan,54,07-02-1909,5.77,76.24,CIV,3
480,Rustie,Dennett,43,02-08-1996,5.38,98.4,QAT,20
481,Flossie,Snodin,41,13-02-1956,6.76,74.46,EUN,44
482,Terrye,Bows,61,08-07-1918,6.89,82.31,JAM,2
483,Donna,von Hagt,47,21-08-1916,5.02,51.35,CMR,36
484,Nobe,Oguz,62,11-08-1922,4.57,59.02,COL,53
485,Gordon,Casone,48,29-04-1972,6.19,88.62,STP,17
486,Dora,Yeates,25,31-03-1963,4.98,91.02,COR,14
487,Livvie,Cardello,22,20-10-1926,4.9,82.92,KOR,5
488,Annmarie,Pinard,29,29-03-1960,6.34,71.36,ARM,23
489,Jerrome,Matushevich,53,12-07-1977,6.62,98.98,LIE,43
490,Rad,Brodie,50,19-01-1945,5.4,77.51,LES,20
491,Vanda,MacDunleavy,37,09-02-1990,6.25,67.48,RSA,27
492,Bruno,Ogborne,25,11-12-1906,6.6,78.05,ZAM,31
493,Mead,Franzotto,56,24-07-1908,4.03,60.22,PHI,59
494,Tim,Alfonso,19,30-07-1925,6.81,72.62,TPE,4
495,Ambrose,Sworne,21,10-09-1979,5.76,72.25,UAE,3
496,Janis,Garmon,22,23-04-1979,5.86,49.25,COK,39
497,Arlan,Comiam,62,08-02-1989,6.48,96.41,INA,11
498,Alvan,Chessill,48,14-12-1991,5.54,95.41,KSA,44
499,Esmaria,Davidescu,25,22-09-1931,4.18,51.46,SUI,12
500,Jacqui,Bastow,44,29-12-1965,6.57,50.55,OMA,42
501,Aubrey,Glenfield,54,14-12-1906,5.19,91.68,SEN,35
502,Stan,Killingsworth,42,13-06-1958,5.83,95.31,NCA,25
503,Alysia,Keddy,52,26-01-1974,5.52,99.42,LBA,47
504,Mollee,Gilley,56,21-05-1940,4.42,90.41,IRI,47
505,Humberto,Payne,36,27-04-1973,6.61,69.77,CYP,47
506,Gaynor,Conniam,43,28-05-1980,4.86,62.25,NOR,38
507,Collete,Hurlin,46,28-11-1984,4.83,90.39,BAR,31
508,Delila,Beverstock,47,01-09-1948,4.45,49.89,SEN,4
509,Jamima,Kenderdine,33,11-01-1957,5.5,78.65,MOZ,43
510,Claus,Rois,18,23-04-1963,6.62,75.49,SMR,6
511,Moishe,Sibbet,48,30-03-1958,6.39,83.91,UGA,26
512,Hadley,Habben,49,27-02-1932,6.17,49.18,ANG,30
513,Inger,Kitson,62,22-09-1923,4.85,83.02,SKN,8
514,Daisie,Antonomoli,46,10-07-1923,4.32,99.57,IOA,22
515,Stephani,Giral,28,02-02-1991,5.44,60.97,BEL,34
516,Peyton,Keough,60,18-01-1995,6.31,59.55,FIN,30
517,Seymour,Dyson,57,01-12-1963,6.73,53.35,POL,28
518,Clo,Brayley,44,20-09-1975,6.35,57.02,POL,15
519,Sheila,Mahy,47,07-12-1927,6.2,63.32,SLO,29
520,Burtie,Earpe,21,06-08-1987,4.87,106.68,IRL,51
521,Laurence,Gifford,49,21-07-1978,6.59,61.6,COR,53
522,Celestia,Goby,43,30-05-1925,5.87,68.91,LBR,27
523,Brent,Donavan,60,29-10-1917,6.67,108.53,FIJ,40
524,Isadore,Tembridge,19,04-09-1960,4.76,77.11,BRA,25
525,Gennie,De la Yglesia,18,10-05-1977,4.95,52.06,ECU,47
526,Jere,McBrearty,40,05-07-1919,5.64,85.41,STP,58
527,Frans,Sloyan,25,13-11-1921,7,79.35,LIE,1
528,Anne,Sowersby,56,06-12-1914,5.2,64.76,KUW,41
529,Gasparo,Lemin,34,16-12-1969,5.2,48.2,TKM,44
530,Audrey,Millson,20,18-04-1956,5.04,84.57,FIJ,18
531,Ophelia,Montez,19,25-02-1932,4.33,94.9,LES,47
532,Frans,McManamen,36,15-01-1900,4.88,77.64,SRI,17
533,Peadar,Goodfellowe,65,19-05-1929,5.41,54.75,BER,39
534,Michelle,Giblin,45,29-09-1984,5.68,78.12,NEP,44
535,Barny,Arnason,58,04-06-1984,6.46,61.19,GUA,50
536,Kin,Allsupp,19,30-04-1928,7,102.22,SOL,45
537,Juana,Moger,64,14-05-1964,4.18,104.64,NBO,14
538,Ban,Philliskirk,57,26-01-1955,4.72,60.12,ITA,60
539,Marcus,Gaylord,30,20-07-1935,4.38,77.22,TPE,19
540,Luz,Pires,24,12-11-1965,6.95,87.62,EST,54
541,Sydel,Herrema,47,16-08-1918,5.68,88.02,BIZ,16
542,Nikoletta,Fairpool,65,14-03-1981,6.1,56.03,PAN,26
543,Wiley,Cheshir,43,09-06-1994,4.14,59.62,BOL,18
544,Erek,MacCaughen,49,19-04-1935,6.81,50.79,SVK,5
545,Winna,Colvie,29,08-02-1928,4.65,84.45,ROC,42
546,Kienan,Davydkov,23,31-03-1972,6.81,72.86,RUS,52
547,Rosabel,Dowsett,33,02-04-2000,6.61,103.57,YUG,56
548,Gavan,Kolakovic,20,14-08-1974,5.66,56.92,BUL,60
549,Barclay,Woolager,63,30-07-1960,5.73,78.97,TKM,29
550,Fonsie,Klossmann,50,25-07-1964,5.44,77.82,COD,37
551,Irina,Zima,29,10-04-1953,6.58,57.07,ANT,47
552,Kissiah,Ayce,35,26-03-1964,6.86,50.79,SLE,27
553,Gratiana,Busson,58,03-12-1999,4.14,86.5,LES,4
554,Ardra,Winks,45,30-11-1927,6.53,55.96,TJK,48
555,Doralynne,Ketteringham,34,18-05-1910,5.41,70.05,MAW,26
556,Reinold,Hancox,59,05-12-1940,5.86,92.72,NZL,14
557,Blinni,Haruard,29,25-07-1919,6.31,100.5,TCH,58
558,Georgia,Rigden,37,19-01-1920,4.22,64.5,FIJ,48
559,Rand,Haddrell,21,29-09-2000,4.21,55.95,TLS,56
560,Bartram,Riddock,25,08-06-1918,4.23,86.2,IRI,27
561,Beverlee,Bodechon,41,26-02-1978,5.37,59.09,ISR,41
562,Devlen,Hellin,47,01-12-1928,4.1,94.15,NRU,25
563,Doris,Trundler,62,23-08-1925,4.78,109.93,JOR,30
564,Hurlee,Chevolleau,51,02-11-1966,6.47,51.02,IRI,28
565,Theresa,Dyne,26,19-02-1948,5.04,81.18,SLO,35
566,Anselm,Bru,40,03-05-1960,5.4,107.53,UGA,45
567,Stearne,Fitchew,35,27-08-1974,6.53,100.44,QAT,23
568,Christoph,Mutter,56,20-01-1986,5.7,67.54,ISR,6
569,Miguel,Goodred,52,20-01-1911,6,91.21,MNE,20
570,Johnny,Glewe,19,30-11-1994,4.02,92.69,MEX,18
571,Millie,Lowerson,59,13-10-1933,5.42,60.42,DOM,19
572,Marja,Marzelli,55,09-08-1926,4.15,88.83,MKD,5
573,Dee,Magnay,19,09-03-1992,5.73,88.26,GBR,25
574,Yorke,Clemett,58,27-08-1998,5.72,64.2,ANZ,3
575,Hughie,Plaistowe,44,21-08-1973,6.62,68.25,IND,16
576,Guss,Tinner,60,10-03-1919,6.93,87.12,LAO,40
577,Annetta,Ghirigori,33,21-06-1956,6.38,66.72,PAR,37
578,Annalise,Weild,30,23-06-1972,6.88,48.14,LAO,25
579,Shermy,Matusov,43,27-09-1954,4.12,101.91,KOR,7
580,Gert,Winterscale,34,21-03-1974,4.55,74.45,BAR,5
581,Broderick,McColley,52,02-11-1976,6.6,102.55,HAI,20
582,Mufinella,Strass,20,06-01-1970,6.04,61.15,SOL,25
583,Tirrell,Shegog,18,06-03-1907,6.99,50.76,AFG,29
584,Roma,Beddoes,61,24-06-1955,6.85,74.48,KOS,58
585,Gerry,Scotti,19,18-02-1921,5.88,49.21,JOR,50
586,Raquel,Stait,24,01-04-1999,6.91,70.59,CGO,14
587,Frederica,Gray,26,25-06-1986,6.5,99.27,NGR,57
588,Gerik,McDermott-Row,64,16-11-1996,4.26,75.15,NCA,29
589,Malinde,Mc Gaughey,44,17-10-1937,6.27,65.85,BUL,34
590,Agnesse,Goodding,20,25-02-1927,6.06,71.14,VEN,14
591,Prescott,Pietsma,35,26-04-1989,5.11,50.36,UKR,21
592,Mirabel,Cicconettii,18,31-10-1938,5.69,54.27,MNE,31
593,Alastair,Coldman,48,09-06-1928,4.12,50.73,PAR,52
594,Feliza,Cortes,49,26-03-1970,4.45,74.37,CHA,54
595,Emmerich,Brigg,60,23-10-1936,6.87,105.99,SVK,6
596,Brittaney,Tippetts,51,16-11-1998,4.43,62.33,IRL,43
597,Candis,Domino,38,28-01-1991,4.06,83.38,GRN,58
598,Heather,Hincham,57,14-04-1939,5.06,66.23,ROC,55
599,Nesta,Raincin,31,20-09-1959,4.39,74.73,QAT,9
600,Hugh,Kyrkeman,26,08-08-1998,6.99,66.53,PER,38
601,Britt,Battersby,26,03-08-1994,4.94,66.3,BIZ,39
602,Nancey,Carling,65,25-11-1947,5.33,48.95,BOL,32
603,Linnea,Pallister,32,08-03-1969,6.03,107.98,AUT,21
604,Leroi,Hebblethwaite,49,12-10-1927,6.47,59.58,ITA,19
605,Hesther,Beekman,21,08-04-1962,6.29,57.73,IRQ,56
606,Pepe,Peckett,38,12-05-1952,6.34,80.27,PUR,17
607,Daffie,Stainson,23,07-06-1900,5.68,79.73,ERI,42
608,Selena,Wrigglesworth,61,14-04-1952,4,90.36,UNK,50
609,Chaunce,Binnes,58,25-12-1981,6.53,76.25,CHN,39
610,Hymie,Sommerling,31,02-11-1989,4.69,91.31,TGA,4
611,Conn,Kinnane,63,10-06-1920,4.06,77.98,ECU,21
612,Enrica,Janout,21,12-05-1930,5.44,82.79,LAT,42
613,Dorita,Drust,40,09-09-1936,4.86,63.58,SOM,31
614,Melli,Vlasenkov,46,16-08-1909,6.05,91.62,FRA,4
615,Lorena,Rappoport,25,13-08-1973,5.27,78.88,GBS,33
616,Gawen,Barthelme,64,07-02-1935,6.59,99.75,SSD,18
617,Cecile,Woodison,56,10-06-1961,4.49,58.71,TCH,3
618,Berti,Sollas,59,24-12-1984,5.82,86.37,BOL,16
619,Debor,Upex,40,04-07-1931,5.97,85.45,GER,21
620,Deeann,Hounsome,34,19-06-1980,5.76,66.74,CHN,11
621,Barbaraanne,Stanman,52,25-07-1907,6.02,109.75,WIF,21
622,Genia,Mathan,55,16-10-1988,6.35,54.5,MYA,50
623,Erwin,Deathridge,28,20-09-1936,4.86,79.59,JPN,31
624,Derrik,Suston,31,08-04-1901,4.69,94.93,URS,24
625,Adiana,Vigrass,65,03-05-1944,4.65,67.49,ISR,3
626,Josee,Bouttell,38,26-04-1921,6.06,89.4,BUR,21
627,Joshia,Cracker,45,07-12-1960,5.64,65.73,ESA,8
628,Kyle,Cumbridge,63,02-12-1963,5.33,76.24,PER,41
629,Kleon,Beagley,28,20-06-1981,5.19,67.29,SVK,34
630,Rosana,Bolduc,64,22-04-1949,4.97,100.95,BRN,52
631,Gabriell,Bainbrigge,52,23-11-1979,4.15,49.17,MON,7
632,Beryl,Bakhrushin,61,10-10-1912,5.18,95.33,GEQ,58
633,Bernarr,Goricke,52,06-03-1988,5.28,90.74,MNE,37
634,Pris,Blune,51,16-02-1921,4.07,86.75,ESP,38
635,Pearl,Hearl,51,06-06-1962,5.45,89.24,JOR,28
636,Myrilla,Fussey,48,14-10-1940,5.17,54.15,HKG,31
637,Judye,Heaviside,52,26-01-1961,6.83,66.95,YEM,27
638,Kariotta,Dell,36,25-11-1987,5.8,106.1,ETH,57
639,Olly,Ramas,24,12-01-1991,4.77,88.87,CAM,17
640,Vasily,Kunz,32,12-11-1975,6.64,54.55,IOA,59
641,Sharlene,Mantione,28,07-08-1902,4.8,54.7,MTN,39
642,Pierrette,Mully,25,13-02-1940,5.46,101.85,ALB,43
643,Robinetta,Jobson,56,20-09-1956,6.98,79.55,LAT,46
644,Algernon,Jindacek,18,31-07-1955,4.19,99.25,VEN,37
645,Benton,Ellingham,37,11-06-1964,6.19,81.92,YMD,18
646,Codi,Corradeschi,41,13-06-1955,5.97,69.05,UGA,60
647,Thatch,Giral,29,04-06-1975,4.31,98.36,TPE,59
648,Leona,Kline,37,28-12-1972,5.86,76.95,TUV,53
649,Hunfredo,Shelmardine,34,01-10-1928,4.49,69.97,PHI,14
650,Calli,Brend,52,04-07-1935,5.17,79.76,FIJ,39
651,Arda,Delany,44,13-02-1958,4.97,58.48,AHO,42
652,Karol,Bazley,33,27-04-1954,4.14,101.28,GUY,24
653,Leoine,Basezzi,60,15-03-1996,4.08,91.87,VIN,52
654,Orland,Kilrow,31,09-07-1926,4.21,64.18,CAF,8
655,Romeo,Craze,23,17-12-1974,4.39,50.1,LTU,13
656,Bryn,Baistow,57,12-10-1915,4.13,95.18,BOH,41
657,Gav,Landers,65,22-01-1916,5.53,51.46,PRK,21
658,Filide,Adamov,56,10-01-1946,5.25,83.87,BAN,31
659,Sandie,Mazdon,48,02-05-1958,6.46,88.29,GAM,8
660,Gertrudis,O'Sheerin,50,18-05-1978,6.07,62.6,PLW,23
661,Tandy,Piell,57,23-10-1960,4.84,75.57,MEX,44
662,Dalton,Foldes,19,12-07-1928,4.41,109.61,VNM,41
663,Waring,Blankenship,43,02-12-1995,6.45,88.71,BOL,25
664,Stevana,Cregeen,19,19-09-1932,4.68,95.41,CGO,7
665,Doria,Fenning,61,15-11-1968,6.91,80.17,TGA,14
666,Christos,Marzella,18,01-01-1902,5.61,58.38,GEO,45
667,Nanice,Ivanyutin,34,13-12-1953,5.02,65.03,BEL,9
668,Kimbra,Tie,46,23-11-1956,4.89,91.05,ISV,34
669,Elissa,Oxe,48,17-08-1939,6.22,63.48,YEM,43
670,Irene,McGonigle,41,23-10-1975,4.87,51.21,DEN,46
671,Armin,Follacaro,19,27-04-1929,4.49,55.65,KGZ,4
672,Ashely,Malzard,52,28-04-1979,5.89,82.49,COL,56
673,Coleen,Almeida,32,11-09-1926,4.07,98.28,URS,54
674,Euell,Treen,57,12-10-1939,4.77,90.34,CAF,21
675,Gray,Stern,63,10-05-1907,4.89,98.84,TAN,28
676,Adler,Meo,49,30-04-1918,5.28,98.88,CZE,48
677,Nina,Bewsey,49,21-04-1910,6.27,93.74,CHN,27
678,Maurie,Orts,43,25-05-1930,4.15,101.2,AUT,34
679,Syman,Nuth,32,17-12-1918,4.3,87.29,NGR,48
680,Inger,Helgass,56,04-03-1964,6.07,76.98,ROC,41
681,Rouvin,Wellington,58,23-08-1968,4.02,88.61,BIH,56
682,Hilde,Merit,24,15-02-1902,5.9,58.9,TKM,39
683,Mireille,Peare,65,21-03-1964,4.52,50.1,WIF,7
684,Pennie,Lackemann,64,21-04-1969,4.08,73.35,SLE,29
685,Massimiliano,Battabee,53,13-02-1908,5.95,74.79,WIF,47
686,Ty,Blague,38,24-06-1973,4.72,102.93,GUY,36
687,Evered,Sirmon,59,04-10-1977,5.14,95.57,GAM,38
688,Quintus,Simoneton,25,22-12-1991,4.46,64.6,BAN,13
689,Nicolas,Whitely,59,22-11-1912,4.44,58.79,ALB,22
690,Waverly,Baylis,27,02-09-1910,4.66,61.77,CGO,16
691,Sissie,Gissing,30,27-02-1978,4.99,82.82,NRU,4
692,Nancey,Olwen,57,22-10-1907,4.02,98.54,NAM,28
693,Rawley,Starcks,38,02-06-1956,4.12,71.48,SLE,29
694,Carole,Spearett,48,12-08-1915,5.29,106.8,MNE,20
695,Ellerey,Buller,31,20-05-1996,6.88,85.93,ARM,55
696,Coralie,Merner,32,03-11-1947,5.14,70.13,THA,26
697,Randi,Bloom,19,11-01-1938,5.74,98.89,AHO,35
698,Yoshi,Buye,31,26-09-1937,5.19,56.34,DOM,1
699,Siana,Vigneron,61,21-03-1932,5.48,77.99,BDI,28
700,Gratiana,Going,52,27-06-1929,6.3,87.51,CRO,40
701,Shurwood,Sexti,64,14-02-1903,5.9,66.53,SWZ,4
702,Alvis,Ebbett,20,09-07-1976,6.15,104.63,INA,47
703,Dorri,Secombe,37,01-08-1992,4.78,72.76,CMR,9
704,Archibold,Worge,36,14-03-1970,5.64,49.4,KUW,56
705,Bradly,Greenley,63,25-03-1917,5.18,66.01,RUS,29
706,Guthrey,Illing,32,02-06-1929,4.48,99.68,BRN,44
707,Terra,Crossthwaite,28,19-07-1923,6.41,85.73,MLT,19
708,Kellina,Neising,32,09-06-1974,4.41,102.66,UGA,1
709,Bernie,Delgaty,33,23-10-1969,4.19,59.1,MTN,20
710,Reeba,Dottrell,27,11-12-1994,6.59,101.92,NED,21
711,Tyne,Rubinow,32,17-07-1952,4.72,103.41,COL,1
712,Luther,Gauld,27,20-09-1978,6.56,97.68,BAN,57
713,Mycah,MacAskill,19,16-09-1971,4.23,65.34,ROC,35
714,Jacquenette,Breydin,42,06-07-1932,4.02,83.48,SWZ,32
715,Robb,Moverley,50,13-12-1984,6.5,58.62,DOM,6
716,Lela,Kensitt,51,30-06-1969,5.91,83.18,SLO,42
717,Jonathon,Pitrollo,52,13-03-1942,5.18,57.55,UGA,23
718,Boy,Pretious,37,23-01-1900,4.98,107.2,NFL,15
719,Milty,Myner,64,04-01-1986,4.64,95.79,PAR,12
720,Lolita,O'Dreain,28,16-03-1901,5.03,67.05,LIE,19
721,Dennison,Asplin,51,04-12-1969,5.02,49.27,LAT,49
722,Mick,Liddicoat,31,02-09-1959,4.77,71.4,NGR,7
723,Florian,Fierro,36,16-02-1923,5.25,72.8,PAN,19
724,Elwood,Van Dijk,65,09-02-1926,6.37,54.76,BAN,21
725,Glenn,Filoniere,55,22-04-1918,4.6,90.61,BHU,14
726,Buffy,Brandacci,32,08-10-1997,4.04,86.29,TUV,24
727,Phillis,Nevison,41,14-02-1935,6.29,59.85,PRK,15
728,Coraline,Lawrence,31,17-10-1967,6.42,75.79,NRU,55
729,Bancroft,Hupe,18,20-03-1994,6.91,96.03,PER,7
730,Kylila,McCourtie,32,07-03-1946,6.29,56.74,SRI,49
731,Guinevere,Clem,32,01-02-2000,6.53,108.51,CRT,7
732,Waverley,Dickson,38,12-08-1975,5.32,51.98,BRA,1
733,Aidan,Anney,29,07-12-1995,4.84,66.02,AND,60
734,Estella,Philp,45,25-11-1957,5.89,107.94,KSA,29
735,Edsel,Reide,29,01-01-1944,5.74,65.31,BUR,45
736,Nikolos,Fairrie,30,20-06-1909,5.76,56.76,BEN,52
737,Ingra,Capsey,48,08-02-1934,6.4,61.54,BOL,55
738,Felecia,Blasius,27,23-06-1981,4.37,60.88,URS,42
739,Belinda,Reboulet,37,15-07-1943,5.16,50.42,JOR,28
740,Karylin,Ornillos,53,20-03-1904,5.84,62.27,ROC,22
741,Ethelda,Pail,51,16-12-1958,5.07,85.58,TAN,55
742,Gisele,Saffill,51,02-08-1989,4.04,52.15,VIE,11
743,Maura,Moir,42,13-06-1924,5.34,77.68,AFG,58
744,Jonathan,Burkinshaw,25,03-06-1915,5.42,60.25,BRU,50
745,Stevena,Spivey,41,09-11-1954,6.64,89.66,KEN,53
746,Chrissie,Chuck,23,10-10-1985,4.31,84.71,IRQ,59
747,Bucky,Preston,49,19-09-1969,5.96,76.52,AUT,30
748,Benedicta,Lodwig,23,28-11-1941,4.93,73.46,BUL,29
749,Jarid,Codd,31,28-07-1900,6.76,79.64,URU,2
750,Isidora,Curtayne,40,14-10-1951,5.42,70.75,NOR,26
751,Delmer,Gendrich,36,27-02-1922,5.56,52.11,ROC,42
752,Aubine,Moohan,23,13-11-1911,5.9,53.54,TAN,53
753,Aimil,Airds,59,21-02-1945,5.28,81.2,SEN,43
754,Jinny,Hosburn,61,06-10-1970,5.03,87.05,PAR,31
755,Mel,Honniebal,60,30-11-1994,4.96,104.24,EUN,10
756,Alexa,Klawi,36,29-12-1926,4.04,77.36,LCA,6
757,Germain,Lober,48,14-09-1946,4.57,57.83,ASA,14
758,Mariska,Sporner,27,22-12-1907,6.75,51.98,COK,9
759,Roxana,Guyer,41,08-07-1945,6.26,100.66,SYR,16
760,Tiphani,Pesek,47,29-06-1951,5.05,51.35,CHA,35
761,Smith,Murison,21,07-12-1929,5.59,94.27,SWE,53
762,Gary,Woodrow,37,29-11-1941,5.02,73.97,PER,25
763,Nadiya,Ohm,21,25-07-1928,4.01,99.12,BIZ,37
764,Chancey,Moughtin,25,09-08-1933,6.25,88.03,MDA,20
765,Claudius,Beddo,38,03-06-1941,6.25,86.71,PLE,21
766,Dall,Warr,20,15-04-1954,5.1,109.01,GUM,29
767,Cathleen,McNiven,18,04-02-1941,5.13,101.54,CHA,27
768,Giavani,Carrick,23,03-07-1966,6.61,48.86,ARM,24
769,Tonnie,Boake,32,05-06-1954,6.02,80.77,KAZ,44
770,Kally,Rilton,30,23-10-1957,5.92,75.44,ARU,26
771,Gottfried,Antcliffe,40,07-09-1996,4.49,57.42,GAM,39
772,Sergeant,Garrattley,42,03-08-1908,4.82,75.89,GHA,58
773,Reeva,Molloy,18,11-05-1900,6.34,97.37,KAZ,16
774,Hiram,Mowles,44,05-09-1974,6.38,80.36,BOL,12
775,Sarge,Handling,49,01-12-1931,4.16,54.92,BRA,57
776,Melitta,Tawton,44,16-04-1997,5.59,90.99,KIR,50
777,Hernando,Trundler,59,10-05-1933,6.82,102.9,LBN,19
778,Rosabelle,Troker,60,13-06-1988,4.21,65.63,FRG,53
779,Darcy,Cottham,57,03-01-1954,4.63,102.73,BUR,37
780,Tomaso,Hannond,25,24-06-1922,6.93,49.64,TAN,32
781,Marchall,Rispen,21,22-06-1994,5.92,104.01,EOR,37
782,Romeo,Bohden,28,08-02-1903,5.53,99.44,TOG,9
783,Jobi,Baynon,22,10-04-1992,6.87,81.12,SLE,26
784,Judye,Barrows,46,16-12-1937,4.38,59.03,BIH,29
785,Danna,Fieldsend,50,07-07-1904,6.95,81.65,CAF,11
786,Bella,Letteresse,35,10-07-1997,6.84,54.03,JOR,57
787,Kelwin,Radbond,29,09-11-1959,6.08,92.12,UZB,47
788,Jeremy,Troak,28,21-05-1984,6.01,55.09,SUD,37
789,Otes,Aujean,54,01-11-1955,4.41,98.29,MAW,48
790,Dagny,Boich,60,28-07-1977,6.59,98.61,FIN,7
791,Karrah,Denkin,43,27-03-1918,5.44,63.39,CIV,6
792,Port,Weadick,21,14-04-1999,6.77,106,GUI,34
793,Siana,Artindale,19,16-06-1998,5.86,69.03,BLR,9
794,Morgan,McCart,24,01-08-1937,5.98,85.44,SRB,32
795,Trumann,Smardon,40,22-09-1967,4.39,109.42,NRU,45
796,Crissy,Barensky,35,06-08-1939,4.36,48.39,YAR,15
797,Sara-ann,Milnthorpe,58,19-08-1976,4.06,100.47,BRN,58
798,Thane,Altree,25,07-02-1942,5.91,66.28,KAZ,2
799,Neils,Frayne,20,01-04-1984,5.66,57.64,MLI,18
800,Carlo,Norval,44,29-04-1923,4.87,106.32,ALB,3
801,Kizzie,Dunk,25,03-06-1914,6.57,98.87,UZB,40
802,Dorree,Carwithan,39,23-12-1991,5.33,95.94,CRC,35
803,Leo,Prosser,51,27-03-1994,6.18,96.15,ESA,34
804,Tamara,Conneau,52,16-03-1957,5.18,77.09,PNG,27
805,Dixie,Moodycliffe,41,30-08-1901,5.22,71.48,KOR,17
806,Sly,Fenlon,21,12-08-1908,6.52,62.94,ERI,57
807,Ada,Gianneschi,47,11-12-1901,6.9,73.66,MAW,54
808,Issy,Widmore,44,04-12-1938,5.29,74.59,CPV,3
809,Elsey,Cundict,21,30-07-1973,4.45,73.43,KOR,16
810,Harriett,Costellow,44,31-10-1937,6.79,61.48,MLT,10
811,Nelia,Wycliffe,37,06-01-1931,4.78,70.04,CYP,29
812,Ethelyn,Legat,39,04-01-1972,5.8,104.77,PNG,52
813,Minny,Caroline,18,08-06-1939,5.69,84.35,MDA,24
814,Wernher,Feechan,20,22-08-1989,6.09,89.25,KIR,54
815,Saundra,Lanfer,42,29-06-1955,6.55,106.92,YUG,8
816,Olympie,Fallanche,58,04-12-1937,5.32,108.13,CZE,54
817,Barnie,Thewless,45,18-03-1973,6.59,79.78,BAN,7
818,Ludovico,Capeloff,33,07-05-1993,6.4,95.56,CRC,58
819,Gan,Woodall,41,27-09-1993,4.81,105.79,JOR,41
820,Dene,Laurent,64,29-10-1980,4.48,108.38,CIV,41
821,Maddie,Wassell,61,11-02-1929,6.5,104.84,CAY,42
822,Shalne,Dimitriou,37,01-01-1932,5.36,72.4,KGZ,45
823,Noreen,Braemer,49,13-03-1917,6.5,99.83,ETH,32
824,Jaquenetta,Kirkam,56,02-11-1966,5.41,49.44,ISV,21
825,Pansie,Browne,22,21-06-1993,4.79,108.07,SRI,50
826,Cori,Witts,27,05-11-1958,5.73,62.54,UZB,44
827,Elton,Skullet,18,03-08-1947,4.45,62.12,LTU,48
828,Tyrus,Denys,28,19-04-1957,5.72,65.79,COM,52
829,Ranique,Magog,47,15-06-1994,4.78,72.17,EOR,45
830,Erinn,Attewill,43,14-09-1990,6.92,53.08,GAB,21
831,Kerianne,Brame,48,09-02-1922,5.63,65.22,NGR,24
832,Ariella,Mattusevich,25,06-11-1969,6.38,74.01,BRN,18
833,Janine,Tottem,49,22-01-1962,4.58,64.15,GDR,55
834,Kenon,Siemianowicz,20,07-01-1934,6.11,101.44,GUM,16
835,Nat,Peel,22,02-03-1915,6.12,51.07,NOR,33
836,Nanon,Lowery,45,21-09-1991,4.62,57.77,ECU,14
837,Dorree,Pendock,31,26-11-1991,5.96,58.74,DOM,41
838,Laurens,Joannic,53,19-10-1975,6.4,57.85,ARG,58
839,Wiatt,Silverman,18,18-10-1975,4.86,83.18,PER,45
840,Alexio,Tattersill,62,17-09-1993,6.05,102.3,GER,29
841,Nial,Fright,22,22-09-1903,6.5,77.96,GUI,54
842,Amaleta,Shearer,60,05-07-1987,6.82,82.61,CGO,33
843,Amber,Monahan,26,22-08-1986,5.48,99.07,NGR,9
844,Reagen,Pemble,27,25-02-1975,6.76,106.54,AZE,6
845,Nicolle,Longhi,54,01-02-1968,5.34,73.04,GAB,58
846,Shelton,Phateplace,25,23-07-1919,6.06,71.57,ALG,1
847,Anthia,Brahms,44,04-03-1931,4.32,88.03,IRL,44
848,Florencia,Glassborow,35,14-08-1958,5.69,58.29,DOM,21
849,Janka,Meddings,51,20-02-1965,4.32,101.49,PAN,11
850,Aeriel,Zelner,36,15-07-1922,6.92,55.86,DMA,27
851,Kerr,Snoday,65,26-04-1922,4.24,66.38,CAY,4
852,Maure,Gadson,58,24-09-2000,4.28,49.49,CHA,49
853,Moise,Yurevich,62,15-12-1961,4.99,98.38,TUN,39
854,Jeffy,Blois,33,01-01-1990,6.81,77.19,NOR,28
855,Eddie,Scotts,27,19-02-1995,4.58,73.72,TUR,28
856,Yard,Cheeney,19,09-12-1987,6.29,61.49,YUG,42
857,Ainslie,Pinxton,47,08-04-1927,6.24,71.38,LAO,9
858,Kalie,Waistall,23,28-04-1987,5.71,72.95,BAR,43
859,Eliot,Speaks,26,08-03-1920,5.09,103.62,ROC,39
860,Guss,Skinn,56,10-05-1967,6.34,49.99,YMD,36
861,Dorree,Jozsef,39,12-12-1927,6.93,62.24,SWE,59
862,Seamus,Balshaw,51,06-12-1966,5.55,81.08,DEN,15
863,Rea,Moulsdale,63,17-08-1929,4.22,103.54,MAW,57
864,Fairlie,Passy,50,27-03-1961,4.54,71.23,CPV,20
865,Renell,Lober,63,20-12-1931,4.98,60.6,NEP,19
866,Job,Spaven,32,08-03-1900,5.24,107.53,CHA,12
867,Melitta,Chezelle,38,01-02-1910,5.39,77.03,SOL,20
868,Lacee,Guyon,29,12-01-1989,4.56,86.29,UAR,49
869,Merill,Brinded,25,05-11-1926,5.59,67.46,TCH,57
870,Cathrine,Lount,51,07-04-1962,6.57,77.79,ZIM,45
871,Richardo,Teissier,33,02-09-1944,4.23,65.94,LUX,58
872,Rancell,Gori,25,24-07-1906,4.53,92.37,LTU,25
873,Kally,Billiard,62,06-10-1916,4.22,51.38,BIZ,48
874,Willi,Kincey,60,26-01-1918,5.97,68.29,NZL,3
875,Jessalyn,Elsley,24,26-12-1911,5.42,108.64,ETH,27
876,Willard,Orring,43,22-10-1905,6.7,61.52,ESA,2
877,Elaina,Jacobowits,20,07-05-1992,6.56,101.25,PER,11
878,Arline,Gailor,42,10-04-1969,5.99,96.1,ARG,35
879,Nickola,Sterrie,26,10-05-1926,6.09,106.18,MLT,20
880,Gretna,Tosh,49,19-12-1979,6.65,80.92,TOG,32
881,Arlette,Keeltagh,21,14-04-1900,6.63,105.87,BHU,41
882,Shannon,Sedger,59,08-01-1998,4.99,99.97,GAM,8
883,Fidelity,Maunder,26,12-03-1935,4.43,105.27,URU,6
884,Coleen,Wyre,26,23-07-1902,4.38,100.61,ITA,3
885,Denver,Thorns,47,24-07-1924,5.12,70.07,MAD,59
886,Damian,Praten,53,30-08-1914,5.98,61.18,MON,22
887,Hayyim,Thing,46,28-05-1982,4.84,93.53,HKG,28
888,Ranee,Kinver,46,30-10-1928,4.78,69.47,MGL,17
889,Calla,Tripcony,62,30-01-1906,5.84,81.8,PRK,41
890,Bailie,Berzons,37,05-02-1904,5.91,66.49,TCH,20
891,Nickolas,Mendes,58,17-12-1915,4.64,87.97,TKM,25
892,Gina,Hudel,56,27-04-1957,5.7,60.2,CHA,51
893,Carline,Gooday,23,16-05-1939,4.79,64.44,NED,40
894,Talya,Skocroft,44,01-10-1971,4.25,83.57,GUA,24
895,Alejandrina,Guynemer,27,24-04-1908,5.93,99.22,TTO,29
896,Leandra,Witcherley,61,01-11-1930,4.12,108.71,PAK,31
897,Kermy,Matuszyk,33,08-10-1967,4.85,99.54,CMR,22
898,Oliy,Mattheus,61,04-09-2000,5.21,95.5,MIX,6
899,Floris,Mosby,27,20-04-1962,6.14,77.48,MDA,51
900,Ninetta,Wand,63,16-12-1922,4.07,91.38,GAM,20
901,Reube,Bohlsen,27,26-09-1916,5.23,106.16,INA,39
902,Sharity,Birchenough,54,02-06-1989,5.72,56.67,LCA,10
903,Flint,Bestiman,27,06-01-1974,5.9,60.49,BLR,14
904,Valencia,Brownell,56,07-06-1934,5.51,59.95,TLS,15
905,Winfred,Itzcak,52,07-07-1946,6.47,51,MOZ,4
906,Kristyn,McCleverty,57,05-12-1937,6.46,79.15,YMD,31
907,Brady,Pettyfer,42,06-06-1999,5.39,96.3,DMA,57
908,Heidi,Tort,60,02-12-1990,5.94,80.24,USA,45
909,Reid,Gebhard,56,19-01-1923,5.9,98.9,YMD,34
910,Jobey,Strathman,39,10-07-1981,4.91,99.46,JOR,16
911,Ignatius,Lenham,39,28-09-1992,6.17,51.1,SVK,43
912,Simonne,Bisiker,29,07-07-1966,4.33,58.59,KGZ,55
913,Emelda,Seston,62,24-03-1914,4.9,91.67,TJK,45
914,Jocelyne,Sickling,45,07-02-1992,5.78,76.54,SEY,15
915,Boot,Beddoes,21,05-06-1975,5.56,75.27,VIE,48
916,Brockie,Pratte,42,17-09-1986,5.4,106.47,TGA,46
917,Reyna,Kornousek,38,20-02-1949,5.02,56.3,YUG,27
918,Berry,Harsnipe,20,27-08-1985,4.59,53.04,KAZ,12
919,Cullin,Jonk,29,03-11-1942,4.67,55.97,KIR,57
920,Shep,Bisterfeld,50,14-09-1952,6.64,69.31,BRA,56
921,Shana,Petters,26,08-06-1989,4.68,86.1,ALB,3
922,Diane-marie,Simonel,24,09-06-1928,4.46,106.42,ECU,22
923,Royall,Early,18,01-01-1955,5.96,104.42,CPV,45
924,Emalia,Reedman,22,08-03-1938,5.28,94.34,SOM,41
925,Jada,Isack,50,01-05-1945,4.32,78.89,KOR,59
926,Nertie,Cownden,48,11-07-1989,4.58,84.82,NFL,53
927,Whitney,Michelotti,44,10-06-1966,6.48,78.26,ANZ,37
928,Sosanna,Gwinnell,56,06-04-1916,6.83,95.69,BIZ,35
929,Moe,Heinsius,51,08-09-1916,6.44,50.56,CHI,41
930,Othello,Baunton,48,11-05-1913,4.16,81.82,MAS,40
931,Rene,Alekseicik,22,13-08-1918,6.69,61.2,KSA,25
932,Korella,Gauvain,19,25-07-1939,5.63,91.93,PAK,34
933,Barbette,Rising,43,12-04-1987,6.29,96.51,NOR,21
934,Bliss,Bowater,27,29-03-1933,6.73,49.05,CHA,48
935,Maire,Mingay,18,06-06-1953,4.47,59.18,MOZ,47
936,Verge,Hawkshaw,40,12-12-1917,5.91,70.73,RSA,58
937,Correy,Zoppie,21,13-02-1987,5.47,100.39,RHO,15
938,Angeli,Doey,59,06-05-1929,4.16,85.1,DMA,58
939,Amby,Kits,60,11-11-1951,5.25,77.12,ECU,57
940,Whitaker,Lister,38,17-08-1923,6.3,49.34,HUN,11
941,Husein,Hobbert,56,09-08-1969,5.33,65.45,GRE,57
942,Bennett,Bonsul,31,11-05-1955,4.66,49.28,MTN,41
943,Albina,M'cowis,60,29-11-1973,4.72,107.35,MLT,16
944,Noak,Gethyn,45,02-08-1956,6.09,49.93,COK,16
945,Curtis,Appleton,48,26-05-1958,6.58,77.34,THA,53
946,Base,Grute,29,30-07-1914,6.89,102.46,TUN,42
947,Ryann,Circuit,61,20-11-1988,4.3,70.96,UGA,57
948,Malvin,Rickerd,39,28-05-1949,5.29,99.98,PAR,54
949,Esdras,Possell,47,08-04-1976,6.46,53.3,KUW,41
950,Pavla,Castillo,56,02-12-1945,5.4,79.5,KAZ,60
951,Fleur,Dubock,39,14-01-1981,6.83,85.63,GUY,14
952,Alice,Ahrend,24,16-07-1962,4.44,75.18,IRQ,36
953,Agatha,Grimsley,59,29-10-1943,4.5,98.53,ISL,52
954,Charlena,Partner,38,06-02-1969,4.54,55.89,VNM,1
955,Gwenore,Kemshell,61,19-11-1991,5.2,51.54,RSA,35
956,Chrystal,Balasin,42,25-08-1906,6.19,80.83,NBO,13
957,Maegan,Santino,33,02-03-1965,4.41,78.23,TCH,59
958,Arv,Treat,20,04-12-1925,6.65,51.36,UZB,54
959,Patricio,Verbrugge,31,28-11-1900,4.01,98.92,VEN,42
960,Evvie,Punt,34,16-08-1952,6.21,81.41,SUD,28
961,Boyd,Krates,57,09-11-1976,6.44,71.2,KSA,24
962,Dukie,Garrit,60,29-09-1923,4.22,58.14,PUR,14
963,Ashley,Blackah,51,08-01-1916,4.46,69.91,NEP,60
964,Trina,Rattenbury,49,05-03-1915,6,68.03,URU,22
965,Belva,Patey,49,13-02-1903,4.12,75.38,VIE,17
966,Oran,Belward,65,30-08-1962,5.99,74.14,CUB,26
967,Celia,Suggett,41,10-04-1985,4.24,90.65,SRI,17
968,Osmond,Chestnutt,21,17-09-1947,6.75,77.7,CRO,42
969,Renard,Cloney,25,10-07-1939,4.15,94,NEP,16
970,Farr,Maty,55,05-03-1996,5.63,77.14,PRK,38
971,Zebedee,Sissland,50,19-04-1992,5.98,73.23,KUW,25
972,Nester,Fowley,21,22-06-1980,5.95,97.64,KOR,30
973,Gerome,Normanvill,27,11-08-1932,6.91,84.27,CHI,27
974,Jae,Santhouse,61,06-01-1949,4.56,91.77,SVK,34
975,Caleb,Marzelle,47,02-06-1910,6.27,77.18,AFG,57
976,Johnathan,O'Doireidh,63,10-09-1961,6.53,51.95,SUD,38
977,Darya,Wandrach,21,11-10-1906,4.66,104.83,TKM,22
978,Marleen,Frude,45,26-02-1978,4.26,50.45,GBS,53
979,Mohandis,Islep,22,30-05-1973,5.06,53.96,MAW,18
980,Courtney,Barnwill,18,18-02-1992,6.15,95.48,MGL,31
981,Reiko,Portugal,62,13-10-1999,4.57,78.35,SLE,38
982,Dorian,Durdy,33,23-06-1967,4.37,82.65,YUG,17
983,Dianne,Kinzett,64,19-09-1940,4.33,67.28,GRN,55
984,Brittaney,Menaul,30,06-11-1971,5.48,79.68,ARM,30
985,Humphrey,Beadnell,64,28-08-1910,4.03,87.96,YEM,59
986,Amity,Weich,61,03-07-1945,6.44,97.2,ARG,16
987,Tony,Lundie,47,04-01-1903,6.68,93.46,GHA,22
988,Cristian,Mills,43,27-07-1929,6.46,93.5,EUN,60
989,Sada,Trevithick,52,27-10-1936,5.55,80,YUG,55
990,Eydie,Jessard,52,19-08-1982,4.2,78.24,UAR,56
991,Biddy,de Villier,53,24-08-1906,5.55,82.58,VEN,60
992,Jobi,McWhorter,36,17-03-1976,6.12,59.62,GEO,29
993,Doria,Reboul,54,16-04-1998,4.86,98.61,TJK,44
994,Rossy,Tordiffe,20,19-06-1922,5.33,66.89,MGL,37
995,Cherlyn,Taggerty,31,09-03-1993,6.39,72.36,FIN,37
996,Rozelle,Chilles,54,20-06-1927,6.02,93.42,CIV,4
997,Flemming,Dossantos,63,19-08-1949,4.5,69.02,ROU,30
998,Nancey,Dilks,22,21-06-1905,4.01,109.5,CRT,16
999,Bebe,Andrassy,64,01-12-1923,4.68,93.28,GUA,27
1000,Alessandro,Bolver,32,03-04-1913,4.41,85.03,TOG,15
